Workbook

Sheet OLP_Scored_Model
A1: SrNo | B1: Emp.Code | C1: Cohort | D1: Name | E1: Org.Unit | F1: Position Text | G1: Job ID | H1: Job Role | I1: H R | J1: HRBP Name | K1: Marital Status | L1: DOJ | M1: Age (YY.MM) | N1: DOB | O1: Current Grade | P1: Current Designation | Q1: RilExp YY.MM | R1: Prev Exp YY.MM | S1: Tot Exp YY.MM | T1: DOL PROM | U1: DOL PROGRESSION | V1: RTG21-22 | W1: RTG22-23 | X1: RTG23-24 | Y1: RTG24-25 | Z1: RTG25-26 | AA1: Qualification | AB1: Prev Exp Clean | AC1: Age Clean | AD1: RilExp Clean | AE1: Tot Exp Clean | AF1: RTG21-22_num | AG1: RTG22-23_num | AH1: RTG23-24_num | AI1: RTG24-25_num | AJ1: RTG25-26_num | AK1: avg_rating | AL1: rating_trend | AM1: rating_consistency | AN1: recency_weighted_rtg | AO1: age_group | AP1: seniority_tier | AQ1: was_promoted | AR1: had_progression | AS1: score_avg_rating | AT1: score_trend | AU1: score_consistency | AV1: score_exp | AW1: score_recency_rtg | AX1: score_promotion | AY1: score_progression | AZ1: composite_score | BA1: performance_tier | BB1: is_top_performer | BC1: trend_shifted (helper) | BD1: rating_consistency_filled (helper) | BE1: consistency_transformed (helper)
A2: 909 | B2: 55159907 | C2: IT Infrastructure | D2: Mr. Rammohan Kordale | E2: Groupwide Common IT Teams | F2: Head Grp Enterprise IT | G2: 24281719 | H2: Chief Engineering & Tech | I2: Bharat Bhushan | J2: Mr. Bharat Bhushan | K2: Marrd. | L2: 46062 | M2: 59.2 | N2: 24552 | O2: Exe.Vice President | P2: Executive Vice-President | Q2: .3 | R2: 9.4 | S2: 9.7 | AA2: SSC/XTH STD/SSLC-Upper Primary Education-1982(FT) | AB2: =IFERROR(VALUE(R2),0) -> 9.4 | AC2: =IFERROR(VALUE(M2),"") -> 59.2 | AD2: =IFERROR(VALUE(Q2),"") -> 0.3 | AE2: =IFERROR(VALUE(S2),"") -> 9.7 | AF2: =IF(V2="","",VLOOKUP(V2,Assumptions!$B$6:$C$9,2,FALSE())) | AG2: =IF(W2="","",VLOOKUP(W2,Assumptions!$B$6:$C$9,2,FALSE())) | AH2: =IF(X2="","",VLOOKUP(X2,Assumptions!$B$6:$C$9,2,FALSE())) | AI2: =IF(Y2="","",VLOOKUP(Y2,Assumptions!$B$6:$C$9,2,FALSE())) | AJ2: =IF(Z2="","",VLOOKUP(Z2,Assumptions!$B$6:$C$9,2,FALSE())) | AK2: =IFERROR(ROUND(AVERAGE(AF2:AJ2),3),"") | AL2: =IF(OR(AF2="",AJ2=""),"",AJ2-AF2) | AM2: =IF(COUNT(AF2:AJ2)>=2,ROUND(_xlfn.STDEV.S(AF2:AJ2),3),"") | AN2: =ROUND((IF(AF2="",0,AF2)*Assumptions!$F$15)+(IF(AG2="",0,AG2)*Assumptions!$F$16)+(IF(AH2="",0,AH2)*Assumptions!$F$17)+(IF(AI2="",0,AI2)*Assumptions!$F$18)+(IF(AJ2="",0,AJ2)*Assumptions!$F$19),3) -> 0 | AO2: =IF(AC2<=20,"",IF(AC2<=Assumptions!$F$6,"20-30",IF(AC2<=Assumptions!$F$7,"30-40",IF(AC2<=Assumptions!$F$8,"40-50",IF(AC2<=Assumptions!$F$9,"50-60",IF(AC2<=Assumptions!$F$10,"60+","")))))) -> 50-60 | AP2: =IFERROR(VLOOKUP(O2,Assumptions!$B$14:$C$26,2,FALSE()),"Other") -> Leadership | AQ2: =IF(T2="",0,1) -> 0 | AR2: =IF(U2="",0,1) -> 0 | AS2: =IF(AK2="","",IF(MAX($AK$2:$AK$921)=MIN($AK$2:$AK$921),50,ROUND((AK2-MIN($AK$2:$AK$921))/(MAX($AK$2:$AK$921)-MIN($AK$2:$AK$921))*100,2))) | AT2: =IF(MAX($BC$2:$BC$921)=MIN($BC$2:$BC$921),50,ROUND((BC2-MIN($BC$2:$BC$921))/(MAX($BC$2:$BC$921)-MIN($BC$2:$BC$921))*100,2)) -> 50 | AU2: =IF(MAX($BE$2:$BE$921)=MIN($BE$2:$BE$921),50,ROUND((BE2-MIN($BE$2:$BE$921))/(MAX($BE$2:$BE$921)-MIN($BE$2:$BE$921))*100,2)) -> 75.4 | AV2: =IF(MAX($AD$2:$AD$921)=MIN($AD$2:$AD$921),50,ROUND((AD2-MIN($AD$2:$AD$921))/(MAX($AD$2:$AD$921)-MIN($AD$2:$AD$921))*100,2)) -> 0.52 | AW2: =IF(MAX($AN$2:$AN$921)=MIN($AN$2:$AN$921),50,ROUND((AN2-MIN($AN$2:$AN$921))/(MAX($AN$2:$AN$921)-MIN($AN$2:$AN$921))*100,2)) -> 0 | AX2: =AQ2*100 -> 0 | AY2: =AR2*100 -> 0 | AZ2: =IFERROR(ROUND(AS2*Assumptions!$I$6+AW2*Assumptions!$I$7+AT2*Assumptions!$I$8+AU2*Assumptions!$I$9+AV2*Assumptions!$I$10+AX2*Assumptions!$I$11+AY2*Assumptions!$I$12,2),"") | BA2: =IF(AZ2="","",IF(AZ2<=Assumptions!$I$18,"Below Expectation",IF(AZ2<=Assumptions!$I$19,"Developing",IF(AZ2<=Assumptions!$I$20,"Meets Expectation",IF(AZ2<=Assumptions!$I$21,"Exceeds","Star Performer"))))) | BB2: =IF(AZ2="",0,IF(AZ2>=Assumptions!$I$26,1,0)) -> 0 | BC2: =IF(AL2="",2,AL2+2) -> 2 | BD2: =IF(AM2="",ROUND(AVERAGE($AM$2:$AM$921),3),AM2) -> 0.426 | BE2: =1-BD2 -> 0.574
A3: 26 | B3: 1128301 | C3: DD&P E&M IT | D3: Mr. Arindam Banerjee | E3: DD&P E&M IT | F3: CIO - DD&P E&M | G3: 24281719 | H3: Chief Engineering & Tech | I3: Bharat Bhushan | J3: Mr. Hemant Jain | K3: Marrd. | L3: 35362 | M3: 58.4 | N3: 24863 | O3: Sr.Vice President | P3: Sr. Vice - President | Q3: 29.7 | R3: 4.5 | S3: 34.0 | T3: 39173 | U3: 44440 | V3: A* | W3: A* | X3: A* | Y3: A* | Z3: A* | AA3: Certificate Course-Others-2009,Gr CWA-Costing-1991,BSc-Chemistry-1988 | AB3: =IFERROR(VALUE(R3),0) -> 4.5 | AC3: =IFERROR(VALUE(M3),"") -> 58.4 | AD3: =IFERROR(VALUE(Q3),"") -> 29.7 | AE3: =IFERROR(VALUE(S3),"") -> 34 | AF3: =IF(V3="","",VLOOKUP(V3,Assumptions!$B$6:$C$9,2,FALSE())) -> 4 | AG3: =IF(W3="","",VLOOKUP(W3,Assumptions!$B$6:$C$9,2,FALSE())) -> 4 | AH3: =IF(X3="","",VLOOKUP(X3,Assumptions!$B$6:$C$9,2,FALSE())) -> 4 | AI3: =IF(Y3="","",VLOOKUP(Y3,Assumptions!$B$6:$C$9,2,FALSE())) -> 4 | AJ3: =IF(Z3="","",VLOOKUP(Z3,Assumptions!$B$6:$C$9,2,FALSE())) -> 4 | AK3: =IFERROR(ROUND(AVERAGE(AF3:AJ3),3),"") -> 4 | AL3: =IF(OR(AF3="",AJ3=""),"",AJ3-AF3) -> 0 | AM3: =IF(COUNT(AF3:AJ3)>=2,ROUND(_xlfn.STDEV.S(AF3:AJ3),3),"") -> 0 | AN3: =ROUND((IF(AF3="",0,AF3)*Assumptions!$F$15)+(IF(AG3="",0,AG3)*Assumptions!$F$16)+(IF(AH3="",0,AH3)*Assumptions!$F$17)+(IF(AI3="",0,AI3)*Assumptions!$F$18)+(IF(AJ3="",0,AJ3)*Assumptions!$F$19),3) -> 4 | AO3: =IF(AC3<=20,"",IF(AC3<=Assumptions!$F$6,"20-30",IF(AC3<=Assumptions!$F$7,"30-40",IF(AC3<=Assumptions!$F$8,"40-50",IF(AC3<=Assumptions!$F$9,"50-60",IF(AC3<=Assumptions!$F$10,"60+","")))))) -> 50-60 | AP3: =IFERROR(VLOOKUP(O3,Assumptions!$B$14:$C$26,2,FALSE()),"Other") -> Leadership | AQ3: =IF(T3="",0,1) -> 1 | AR3: =IF(U3="",0,1) -> 1 | AS3: =IF(AK3="","",IF(MAX($AK$2:$AK$921)=MIN($AK$2:$AK$921),50,ROUND((AK3-MIN($AK$2:$AK$921))/(MAX($AK$2:$AK$921)-MIN($AK$2:$AK$921))*100,2))) -> 100 | AT3: =IF(MAX($BC$2:$BC$921)=MIN($BC$2:$BC$921),50,ROUND((BC3-MIN($BC$2:$BC$921))/(MAX($BC$2:$BC$921)-MIN($BC$2:$BC$921))*100,2)) -> 50 | AU3: =IF(MAX($BE$2:$BE$921)=MIN($BE$2:$BE$921),50,ROUND((BE3-MIN($BE$2:$BE$921))/(MAX($BE$2:$BE$921)-MIN($BE$2:$BE$921))*100,2)) -> 100 | AV3: =IF(MAX($AD$2:$AD$921)=MIN($AD$2:$AD$921),50,ROUND((AD3-MIN($AD$2:$AD$921))/(MAX($AD$2:$AD$921)-MIN($AD$2:$AD$921))*100,2)) -> 80.43 | AW3: =IF(MAX($AN$2:$AN$921)=MIN($AN$2:$AN$921),50,ROUND((AN3-MIN($AN$2:$AN$921))/(MAX($AN$2:$AN$921)-MIN($AN$2:$AN$921))*100,2)) -> 100 | AX3: =AQ3*100 -> 100 | AY3: =AR3*100 -> 100 | AZ3: =IFERROR(ROUND(AS3*Assumptions!$I$6+AW3*Assumptions!$I$7+AT3*Assumptions!$I$8+AU3*Assumptions!$I$9+AV3*Assumptions!$I$10+AX3*Assumptions!$I$11+AY3*Assumptions!$I$12,2),"") -> 90.54 | BA3: =IF(AZ3="","",IF(AZ3<=Assumptions!$I$18,"Below Expectation",IF(AZ3<=Assumptions!$I$19,"Developing",IF(AZ3<=Assumptions!$I$20,"Meets Expectation",IF(AZ3<=Assumptions!$I$21,"Exceeds","Star Performer"))))) -> Star Performer | BB3: =IF(AZ3="",0,IF(AZ3>=Assumptions!$I$26,1,0)) -> 1 | BC3: =IF(AL3="",2,AL3+2) -> 2 | BD3: =IF(AM3="",ROUND(AVERAGE($AM$2:$AM$921),3),AM3) -> 0 | BE3: =1-BD3 -> 1
A4: 30 | B4: 2044308 | C4: Enterprise Application Management | D4: Mr. Rajesh P Sarda | E4: E&M IT SAP Tech Ops | F4: Chief Engineering & Tech | G4: 24281719 | H4: Chief Engineering & Tech | I4: Bharat Bhushan | J4: Mr. Hemant Jain | K4: Marrd. | L4: 35387 | M4: 52.11 | N4: 26836 | O4: Vice President | P4: Vice - President | Q4: 29.6 | R4: .5 | S4: 29.11 | T4: 40269 | U4: 44440 | V4: A* | W4: A* | X4: A* | Y4: A* | Z4: A* | AA4: Management Development Prog : Level - 1-Others-2009,MCA-Computer Applications-1996,BSc-Statistics-1993 | AB4: =IFERROR(VALUE(R4),0) -> 0.5 | AC4: =IFERROR(VALUE(M4),"") -> 52.11 | AD4: =IFERROR(VALUE(Q4),"") -> 29.6 | AE4: =IFERROR(VALUE(S4),"") -> 29.11 | AF4: =IF(V4="","",VLOOKUP(V4,Assumptions!$B$6:$C$9,2,FALSE())) -> 4 | AG4: =IF(W4="","",VLOOKUP(W4,Assumptions!$B$6:$C$9,2,FALSE())) -> 4 | AH4: =IF(X4="","",VLOOKUP(X4,Assumptions!$B$6:$C$9,2,FALSE())) -> 4 | AI4: =IF(Y4="","",VLOOKUP(Y4,Assumptions!$B$6:$C$9,2,FALSE())) -> 4 | AJ4: =IF(Z4="","",VLOOKUP(Z4,Assumptions!$B$6:$C$9,2,FALSE())) -> 4 | AK4: =IFERROR(ROUND(AVERAGE(AF4:AJ4),3),"") -> 4 | AL4: =IF(OR(AF4="",AJ4=""),"",AJ4-AF4) -> 0 | AM4: =IF(COUNT(AF4:AJ4)>=2,ROUND(_xlfn.STDEV.S(AF4:AJ4),3),"") -> 0 | AN4: =ROUND((IF(AF4="",0,AF4)*Assumptions!$F$15)+(IF(AG4="",0,AG4)*Assumptions!$F$16)+(IF(AH4="",0,AH4)*Assumptions!$F$17)+(IF(AI4="",0,AI4)*Assumptions!$F$18)+(IF(AJ4="",0,AJ4)*Assumptions!$F$19),3) -> 4 | AO4: =IF(AC4<=20,"",IF(AC4<=Assumptions!$F$6,"20-30",IF(AC4<=Assumptions!$F$7,"30-40",IF(AC4<=Assumptions!$F$8,"40-50",IF(AC4<=Assumptions!$F$9,"50-60",IF(AC4<=Assumptions!$F$10,"60+","")))))) -> 50-60 | AP4: =IFERROR(VLOOKUP(O4,Assumptions!$B$14:$C$26,2,FALSE()),"Other") -> Leadership | AQ4: =IF(T4="",0,1) -> 1 | AR4: =IF(U4="",0,1) -> 1 | AS4: =IF(AK4="","",IF(MAX($AK$2:$AK$921)=MIN($AK$2:$AK$921),50,ROUND((AK4-MIN($AK$2:$AK$921))/(MAX($AK$2:$AK$921)-MIN($AK$2:$AK$921))*100,2))) -> 100 | AT4: =IF(MAX($BC$2:$BC$921)=MIN($BC$2:$BC$921),50,ROUND((BC4-MIN($BC$2:$BC$921))/(MAX($BC$2:$BC$921)-MIN($BC$2:$BC$921))*100,2)) -> 50 | AU4: =IF(MAX($BE$2:$BE$921)=MIN($BE$2:$BE$921),50,ROUND((BE4-MIN($BE$2:$BE$921))/(MAX($BE$2:$BE$921)-MIN($BE$2:$BE$921))*100,2)) -> 100 | AV4: =IF(MAX($AD$2:$AD$921)=MIN($AD$2:$AD$921),50,ROUND((AD4-MIN($AD$2:$AD$921))/(MAX($AD$2:$AD$921)-MIN($AD$2:$AD$921))*100,2)) -> 80.16 | AW4: =IF(MAX($AN$2:$AN$921)=MIN($AN$2:$AN$921),50,ROUND((AN4-MIN($AN$2:$AN$921))/(MAX($AN$2:$AN$921)-MIN($AN$2:$AN$921))*100,2)) -> 100 | AX4: =AQ4*100 -> 100 | AY4: =AR4*100 -> 100 | AZ4: =IFERROR(ROUND(AS4*Assumptions!$I$6+AW4*Assumptions!$I$7+AT4*Assumptions!$I$8+AU4*Assumptions!$I$9+AV4*Assumptions!$I$10+AX4*Assumptions!$I$11+AY4*Assumptions!$I$12,2),"") -> 90.52 | BA4: =IF(AZ4="","",IF(AZ4<=Assumptions!$I$18,"Below Expectation",IF(AZ4<=Assumptions!$I$19,"Developing",IF(AZ4<=Assumptions!$I$20,"Meets Expectation",IF(AZ4<=Assumptions!$I$21,"Exceeds","Star Performer"))))) -> Star Performer | BB4: =IF(AZ4="",0,IF(AZ4>=Assumptions!$I$26,1,0)) -> 1 | BC4: =IF(AL4="",2,AL4+2) -> 2 | BD4: =IF(AM4="",ROUND(AVERAGE($AM$2:$AM$921),3),AM4) -> 0 | BE4: =1-BD4 -> 1
A5: 9 | B5: 25514 | C5: IT Infrastructure | D5: Mr. Kamal Joshi | E5: Video Conferencing | F5: Chief - IT Infrastructure | G5: 24281819 | H5: Chief IT Infrastructure | I5: Bharat Bhushan | J5: Ms. Sudeshna Das | K5: Marrd. | L5: 35735 | M5: 55.10 | N5: 25779 | O5: Vice President | P5: Vice - President | Q5: 28.7 | R5: 3.2 | S5: 31.9 | T5: 40269 | U5: 44470 | V5: A* | W5: A* | X5: A* | Y5: A* | Z5: A* | AA5: Diploma - Engineering-Industrial Electronics-1992(FT) | AB5: =IFERROR(VALUE(R5),0) -> 3.2 | AC5: =IFERROR(VALUE(M5),"") -> 55.1 | AD5: =IFERROR(VALUE(Q5),"") -> 28.7 | AE5: =IFERROR(VALUE(S5),"") -> 31.9 | AF5: =IF(V5="","",VLOOKUP(V5,Assumptions!$B$6:$C$9,2,FALSE())) -> 4 | AG5: =IF(W5="","",VLOOKUP(W5,Assumptions!$B$6:$C$9,2,FALSE())) -> 4 | AH5: =IF(X5="","",VLOOKUP(X5,Assumptions!$B$6:$C$9,2,FALSE())) -> 4 | AI5: =IF(Y5="","",VLOOKUP(Y5,Assumptions!$B$6:$C$9,2,FALSE())) -> 4 | AJ5: =IF(Z5="","",VLOOKUP(Z5,Assumptions!$B$6:$C$9,2,FALSE())) -> 4 | AK5: =IFERROR(ROUND(AVERAGE(AF5:AJ5),3),"") -> 4 | AL5: =IF(OR(AF5="",AJ5=""),"",AJ5-AF5) -> 0 | AM5: =IF(COUNT(AF5:AJ5)>=2,ROUND(_xlfn.STDEV.S(AF5:AJ5),3),"") -> 0 | AN5: =ROUND((IF(AF5="",0,AF5)*Assumptions!$F$15)+(IF(AG5="",0,AG5)*Assumptions!$F$16)+(IF(AH5="",0,AH5)*Assumptions!$F$17)+(IF(AI5="",0,AI5)*Assumptions!$F$18)+(IF(AJ5="",0,AJ5)*Assumptions!$F$19),3) -> 4 | AO5: =IF(AC5<=20,"",IF(AC5<=Assumptions!$F$6,"20-30",IF(AC5<=Assumptions!$F$7,"30-40",IF(AC5<=Assumptions!$F$8,"40-50",IF(AC5<=Assumptions!$F$9,"50-60",IF(AC5<=Assumptions!$F$10,"60+","")))))) -> 50-60 | AP5: =IFERROR(VLOOKUP(O5,Assumptions!$B$14:$C$26,2,FALSE()),"Other") -> Leadership | AQ5: =IF(T5="",0,1) -> 1 | AR5: =IF(U5="",0,1) -> 1 | AS5: =IF(AK5="","",IF(MAX($AK$2:$AK$921)=MIN($AK$2:$AK$921),50,ROUND((AK5-MIN($AK$2:$AK$921))/(MAX($AK$2:$AK$921)-MIN($AK$2:$AK$921))*100,2))) -> 100 | AT5: =IF(MAX($BC$2:$BC$921)=MIN($BC$2:$BC$921),50,ROUND((BC5-MIN($BC$2:$BC$921))/(MAX($BC$2:$BC$921)-MIN($BC$2:$BC$921))*100,2)) -> 50 | AU5: =IF(MAX($BE$2:$BE$921)=MIN($BE$2:$BE$921),50,ROUND((BE5-MIN($BE$2:$BE$921))/(MAX($BE$2:$BE$921)-MIN($BE$2:$BE$921))*100,2)) -> 100 | AV5: =IF(MAX($AD$2:$AD$921)=MIN($AD$2:$AD$921),50,ROUND((AD5-MIN($AD$2:$AD$921))/(MAX($AD$2:$AD$921)-MIN($AD$2:$AD$921))*100,2)) -> 77.71 | AW5: =IF(MAX($AN$2:$AN$921)=MIN($AN$2:$AN$921),50,ROUND((AN5-MIN($AN$2:$AN$921))/(MAX($AN$2:$AN$921)-MIN($AN$2:$AN$921))*100,2)) -> 100 | AX5: =AQ5*100 -> 100 | AY5: =AR5*100 -> 100 | AZ5: =IFERROR(ROUND(AS5*Assumptions!$I$6+AW5*Assumptions!$I$7+AT5*Assumptions!$I$8+AU5*Assumptions!$I$9+AV5*Assumptions!$I$10+AX5*Assumptions!$I$11+AY5*Assumptions!$I$12,2),"") -> 90.27 | BA5: =IF(AZ5="","",IF(AZ5<=Assumptions!$I$18,"Below Expectation",IF(AZ5<=Assumptions!$I$19,"Developing",IF(AZ5<=Assumptions!$I$20,"Meets Expectation",IF(AZ5<=Assumptions!$I$21,"Exceeds","Star Performer"))))) -> Star Performer | BB5: =IF(AZ5="",0,IF(AZ5>=Assumptions!$I$26,1,0)) -> 1 | BC5: =IF(AL5="",2,AL5+2) -> 2 | BD5: =IF(AM5="",ROUND(AVERAGE($AM$2:$AM$921),3),AM5) -> 0 | BE5: =1-BD5 -> 1
A6: 10 | B6: 33214 | C6: JioCX | D6: Mr. Vikramsingh V Mohite | E6: JioCX Engineering | F6: Head Software Developer JioCX | G6: 24281770 | H6: Chief Software Development | I6: Bharat Bhushan | J6: Ms. Arya Khamparia | K6: Marrd. | L6: 35977 | M6: 51.0 | N6: 27546 | O6: Vice President | P6: Vice - President | Q6: 27.11 | R6: . | S6: 27.11 | T6: 40269 | U6: 44652 | V6: A* | W6: A* | X6: A* | Y6: A* | Z6: A* | AA6: BE-Electronics Engg-1996(FT) | AB6: =IFERROR(VALUE(R6),0) -> 0 | AC6: =IFERROR(VALUE(M6),"") -> 51 | AD6: =IFERROR(VALUE(Q6),"") -> 27.11 | AE6: =IFERROR(VALUE(S6),"") -> 27.11 | AF6: =IF(V6="","",VLOOKUP(V6,Assumptions!$B$6:$C$9,2,FALSE())) -> 4 | AG6: =IF(W6="","",VLOOKUP(W6,Assumptions!$B$6:$C$9,2,FALSE())) -> 4 | AH6: =IF(X6="","",VLOOKUP(X6,Assumptions!$B$6:$C$9,2,FALSE())) -> 4 | AI6: =IF(Y6="","",VLOOKUP(Y6,Assumptions!$B$6:$C$9,2,FALSE())) -> 4 | AJ6: =IF(Z6="","",VLOOKUP(Z6,Assumptions!$B$6:$C$9,2,FALSE())) -> 4 | AK6: =IFERROR(ROUND(AVERAGE(AF6:AJ6),3),"") -> 4 | AL6: =IF(OR(AF6="",AJ6=""),"",AJ6-AF6) -> 0 | AM6: =IF(COUNT(AF6:AJ6)>=2,ROUND(_xlfn.STDEV.S(AF6:AJ6),3),"") -> 0 | AN6: =ROUND((IF(AF6="",0,AF6)*Assumptions!$F$15)+(IF(AG6="",0,AG6)*Assumptions!$F$16)+(IF(AH6="",0,AH6)*Assumptions!$F$17)+(IF(AI6="",0,AI6)*Assumptions!$F$18)+(IF(AJ6="",0,AJ6)*Assumptions!$F$19),3) -> 4 | AO6: =IF(AC6<=20,"",IF(AC6<=Assumptions!$F$6,"20-30",IF(AC6<=Assumptions!$F$7,"30-40",IF(AC6<=Assumptions!$F$8,"40-50",IF(AC6<=Assumptions!$F$9,"50-60",IF(AC6<=Assumptions!$F$10,"60+","")))))) -> 50-60 | AP6: =IFERROR(VLOOKUP(O6,Assumptions!$B$14:$C$26,2,FALSE()),"Other") -> Leadership | AQ6: =IF(T6="",0,1) -> 1 | AR6: =IF(U6="",0,1) -> 1 | AS6: =IF(AK6="","",IF(MAX($AK$2:$AK$921)=MIN($AK$2:$AK$921),50,ROUND((AK6-MIN($AK$2:$AK$921))/(MAX($AK$2:$AK$921)-MIN($AK$2:$AK$921))*100,2))) -> 100 | AT6: =IF(MAX($BC$2:$BC$921)=MIN($BC$2:$BC$921),50,ROUND((BC6-MIN($BC$2:$BC$921))/(MAX($BC$2:$BC$921)-MIN($BC$2:$BC$921))*100,2)) -> 50 | AU6: =IF(MAX($BE$2:$BE$921)=MIN($BE$2:$BE$921),50,ROUND((BE6-MIN($BE$2:$BE$921))/(MAX($BE$2:$BE$921)-MIN($BE$2:$BE$921))*100,2)) -> 100 | AV6: =IF(MAX($AD$2:$AD$921)=MIN($AD$2:$AD$921),50,ROUND((AD6-MIN($AD$2:$AD$921))/(MAX($AD$2:$AD$921)-MIN($AD$2:$AD$921))*100,2)) -> 73.39 | AW6: =IF(MAX($AN$2:$AN$921)=MIN($AN$2:$AN$921),50,ROUND((AN6-MIN($AN$2:$AN$921))/(MAX($AN$2:$AN$921)-MIN($AN$2:$AN$921))*100,2)) -> 100 | AX6: =AQ6*100 -> 100 | AY6: =AR6*100 -> 100 | AZ6: =IFERROR(ROUND(AS6*Assumptions!$I$6+AW6*Assumptions!$I$7+AT6*Assumptions!$I$8+AU6*Assumptions!$I$9+AV6*Assumptions!$I$10+AX6*Assumptions!$I$11+AY6*Assumptions!$I$12,2),"") -> 89.84 | BA6: =IF(AZ6="","",IF(AZ6<=Assumptions!$I$18,"Below Expectation",IF(AZ6<=Assumptions!$I$19,"Developing",IF(AZ6<=Assumptions!$I$20,"Meets Expectation",IF(AZ6<=Assumptions!$I$21,"Exceeds","Star Performer"))))) -> Star Performer | BB6: =IF(AZ6="",0,IF(AZ6>=Assumptions!$I$26,1,0)) -> 1 | BC6: =IF(AL6="",2,AL6+2) -> 2 | BD6: =IF(AM6="",ROUND(AVERAGE($AM$2:$AM$921),3),AM6) -> 0 | BE6: =1-BD6 -> 1
A7: 13 | B7: 39214 | C7: JioCX | D7: Mr. Shashikant R Kadam | E7: JioCX Engineering | F7: Head Devops Engineer JioCX | G7: 24281802 | H7: Head SRE | I7: Bharat Bhushan | J7: Ms. Arya Khamparia | K7: Marrd. | L7: 36810 | M7: 47.8 | N7: 28762 | O7: Asst. Vice President | P7: Asst. Vice - President | Q7: 25.7 | R7: . | S7: 25.7 | T7: 40269 | U7: 43191 | V7: A* | W7: A* | X7: A* | Y7: A* | Z7: A* | AA7: BE-Electronics Engg-2000 | AB7: =IFERROR(VALUE(R7),0) -> 0 | AC7: =IFERROR(VALUE(M7),"") -> 47.8 | AD7: =IFERROR(VALUE(Q7),"") -> 25.7 | AE7: =IFERROR(VALUE(S7),"") -> 25.7 | AF7: =IF(V7="","",VLOOKUP(V7,Assumptions!$B$6:$C$9,2,FALSE())) -> 4 | AG7: =IF(W7="","",VLOOKUP(W7,Assumptions!$B$6:$C$9,2,FALSE())) -> 4 | AH7: =IF(X7="","",VLOOKUP(X7,Assumptions!$B$6:$C$9,2,FALSE())) -> 4 | AI7: =IF(Y7="","",VLOOKUP(Y7,Assumptions!$B$6:$C$9,2,FALSE())) -> 4 | AJ7: =IF(Z7="","",VLOOKUP(Z7,Assumptions!$B$6:$C$9,2,FALSE())) -> 4 | AK7: =IFERROR(ROUND(AVERAGE(AF7:AJ7),3),"") -> 4 | AL7: =IF(OR(AF7="",AJ7=""),"",AJ7-AF7) -> 0 | AM7: =IF(COUNT(AF7:AJ7)>=2,ROUND(_xlfn.STDEV.S(AF7:AJ7),3),"") -> 0 | AN7: =ROUND((IF(AF7="",0,AF7)*Assumptions!$F$15)+(IF(AG7="",0,AG7)*Assumptions!$F$16)+(IF(AH7="",0,AH7)*Assumptions!$F$17)+(IF(AI7="",0,AI7)*Assumptions!$F$18)+(IF(AJ7="",0,AJ7)*Assumptions!$F$19),3) -> 4 | AO7: =IF(AC7<=20,"",IF(AC7<=Assumptions!$F$6,"20-30",IF(AC7<=Assumptions!$F$7,"30-40",IF(AC7<=Assumptions!$F$8,"40-50",IF(AC7<=Assumptions!$F$9,"50-60",IF(AC7<=Assumptions!$F$10,"60+","")))))) -> 40-50 | AP7: =IFERROR(VLOOKUP(O7,Assumptions!$B$14:$C$26,2,FALSE()),"Other") -> Leadership | AQ7: =IF(T7="",0,1) -> 1 | AR7: =IF(U7="",0,1) -> 1 | AS7: =IF(AK7="","",IF(MAX($AK$2:$AK$921)=MIN($AK$2:$AK$921),50,ROUND((AK7-MIN($AK$2:$AK$921))/(MAX($AK$2:$AK$921)-MIN($AK$2:$AK$921))*100,2))) -> 100 | AT7: =IF(MAX($BC$2:$BC$921)=MIN($BC$2:$BC$921),50,ROUND((BC7-MIN($BC$2:$BC$921))/(MAX($BC$2:$BC$921)-MIN($BC$2:$BC$921))*100,2)) -> 50 | AU7: =IF(MAX($BE$2:$BE$921)=MIN($BE$2:$BE$921),50,ROUND((BE7-MIN($BE$2:$BE$921))/(MAX($BE$2:$BE$921)-MIN($BE$2:$BE$921))*100,2)) -> 100 | AV7: =IF(MAX($AD$2:$AD$921)=MIN($AD$2:$AD$921),50,ROUND((AD7-MIN($AD$2:$AD$921))/(MAX($AD$2:$AD$921)-MIN($AD$2:$AD$921))*100,2)) -> 69.56 | AW7: =IF(MAX($AN$2:$AN$921)=MIN($AN$2:$AN$921),50,ROUND((AN7-MIN($AN$2:$AN$921))/(MAX($AN$2:$AN$921)-MIN($AN$2:$AN$921))*100,2)) -> 100 | AX7: =AQ7*100 -> 100 | AY7: =AR7*100 -> 100 | AZ7: =IFERROR(ROUND(AS7*Assumptions!$I$6+AW7*Assumptions!$I$7+AT7*Assumptions!$I$8+AU7*Assumptions!$I$9+AV7*Assumptions!$I$10+AX7*Assumptions!$I$11+AY7*Assumptions!$I$12,2),"") -> 89.46 | BA7: =IF(AZ7="","",IF(AZ7<=Assumptions!$I$18,"Below Expectation",IF(AZ7<=Assumptions!$I$19,"Developing",IF(AZ7<=Assumptions!$I$20,"Meets Expectation",IF(AZ7<=Assumptions!$I$21,"Exceeds","Star Performer"))))) -> Star Performer | BB7: =IF(AZ7="",0,IF(AZ7>=Assumptions!$I$26,1,0)) -> 1 | BC7: =IF(AL7="",2,AL7+2) -> 2 | BD7: =IF(AM7="",ROUND(AVERAGE($AM$2:$AM$921),3),AM7) -> 0 | BE7: =1-BD7 -> 1
A8: 45 | B8: 10009823 | C8: JioCX | D8: Mr. Saket Gadkari | E8: JioCX Revenue & Customer Success | F8: Chief Revenue | G8: 45282214 | H8: Lead Business Development | I8: Bharat Bhushan | J8: Ms. Arya Khamparia | K8: Marrd. | L8: 37547 | M8: 46.6 | N8: 29184 | O8: Vice President | P8: Vice - President | Q8: 23.7 | R8: 1 | S8: 24.7 | T8: 42461 | U8: 44562 | V8: A* | W8: A* | X8: A* | Y8: A* | Z8: A* | AA8: MBA-Others-2007(PT),BE-Instrumentation-2001(FT) | AB8: =IFERROR(VALUE(R8),0) -> 1 | AC8: =IFERROR(VALUE(M8),"") -> 46.6 | AD8: =IFERROR(VALUE(Q8),"") -> 23.7 | AE8: =IFERROR(VALUE(S8),"") -> 24.7 | AF8: =IF(V8="","",VLOOKUP(V8,Assumptions!$B$6:$C$9,2,FALSE())) -> 4 | AG8: =IF(W8="","",VLOOKUP(W8,Assumptions!$B$6:$C$9,2,FALSE())) -> 4 | AH8: =IF(X8="","",VLOOKUP(X8,Assumptions!$B$6:$C$9,2,FALSE())) -> 4 | AI8: =IF(Y8="","",VLOOKUP(Y8,Assumptions!$B$6:$C$9,2,FALSE())) -> 4 | AJ8: =IF(Z8="","",VLOOKUP(Z8,Assumptions!$B$6:$C$9,2,FALSE())) -> 4 | AK8: =IFERROR(ROUND(AVERAGE(AF8:AJ8),3),"") -> 4 | AL8: =IF(OR(AF8="",AJ8=""),"",AJ8-AF8) -> 0 | AM8: =IF(COUNT(AF8:AJ8)>=2,ROUND(_xlfn.STDEV.S(AF8:AJ8),3),"") -> 0 | AN8: =ROUND((IF(AF8="",0,AF8)*Assumptions!$F$15)+(IF(AG8="",0,AG8)*Assumptions!$F$16)+(IF(AH8="",0,AH8)*Assumptions!$F$17)+(IF(AI8="",0,AI8)*Assumptions!$F$18)+(IF(AJ8="",0,AJ8)*Assumptions!$F$19),3) -> 4 | AO8: =IF(AC8<=20,"",IF(AC8<=Assumptions!$F$6,"20-30",IF(AC8<=Assumptions!$F$7,"30-40",IF(AC8<=Assumptions!$F$8,"40-50",IF(AC8<=Assumptions!$F$9,"50-60",IF(AC8<=Assumptions!$F$10,"60+","")))))) -> 40-50 | AP8: =IFERROR(VLOOKUP(O8,Assumptions!$B$14:$C$26,2,FALSE()),"Other") -> Leadership | AQ8: =IF(T8="",0,1) -> 1 | AR8: =IF(U8="",0,1) -> 1 | AS8: =IF(AK8="","",IF(MAX($AK$2:$AK$921)=MIN($AK$2:$AK$921),50,ROUND((AK8-MIN($AK$2:$AK$921))/(MAX($AK$2:$AK$921)-MIN($AK$2:$AK$921))*100,2))) -> 100 | AT8: =IF(MAX($BC$2:$BC$921)=MIN($BC$2:$BC$921),50,ROUND((BC8-MIN($BC$2:$BC$921))/(MAX($BC$2:$BC$921)-MIN($BC$2:$BC$921))*100,2)) -> 50 | AU8: =IF(MAX($BE$2:$BE$921)=MIN($BE$2:$BE$921),50,ROUND((BE8-MIN($BE$2:$BE$921))/(MAX($BE$2:$BE$921)-MIN($BE$2:$BE$921))*100,2)) -> 100 | AV8: =IF(MAX($AD$2:$AD$921)=MIN($AD$2:$AD$921),50,ROUND((AD8-MIN($AD$2:$AD$921))/(MAX($AD$2:$AD$921)-MIN($AD$2:$AD$921))*100,2)) -> 64.12 | AW8: =IF(MAX($AN$2:$AN$921)=MIN($AN$2:$AN$921),50,ROUND((AN8-MIN($AN$2:$AN$921))/(MAX($AN$2:$AN$921)-MIN($AN$2:$AN$921))*100,2)) -> 100 | AX8: =AQ8*100 -> 100 | AY8: =AR8*100 -> 100 | AZ8: =IFERROR(ROUND(AS8*Assumptions!$I$6+AW8*Assumptions!$I$7+AT8*Assumptions!$I$8+AU8*Assumptions!$I$9+AV8*Assumptions!$I$10+AX8*Assumptions!$I$11+AY8*Assumptions!$I$12,2),"") -> 88.91 | BA8: =IF(AZ8="","",IF(AZ8<=Assumptions!$I$18,"Below Expectation",IF(AZ8<=Assumptions!$I$19,"Developing",IF(AZ8<=Assumptions!$I$20,"Meets Expectation",IF(AZ8<=Assumptions!$I$21,"Exceeds","Star Performer"))))) -> Star Performer | BB8: =IF(AZ8="",0,IF(AZ8>=Assumptions!$I$26,1,0)) -> 1 | BC8: =IF(AL8="",2,AL8+2) -> 2 | BD8: =IF(AM8="",ROUND(AVERAGE($AM$2:$AM$921),3),AM8) -> 0 | BE8: =1-BD8 -> 1
A9: 18 | B9: 573601 | C9: Enterprise Application Management | D9: Mr. Ajit S Parab | E9: E&M IT Material & Service Commitment | F9: Group Commercial Platform CIO | G9: 24281719 | H9: Chief Engineering & Tech | I9: Bharat Bhushan | J9: Mr. Hemant Jain | K9: Marrd. | L9: 33484 | M9: 56.1 | N9: 25672 | O9: Vice President | P9: Vice - President | Q9: 34.9 | R9: . | S9: 34.9 | T9: 41000 | U9: 44440 | V9: A+ | W9: A* | X9: A* | Y9: A* | Z9: A* | AA9: MMM-Marketing-2001(PT),Diploma - Management-Finance-1996(CO),BE-Mechanical-1991(FT) | AB9: =IFERROR(VALUE(R9),0) -> 0 | AC9: =IFERROR(VALUE(M9),"") -> 56.1 | AD9: =IFERROR(VALUE(Q9),"") -> 34.9 | AE9: =IFERROR(VALUE(S9),"") -> 34.9 | AF9: =IF(V9="","",VLOOKUP(V9,Assumptions!$B$6:$C$9,2,FALSE())) -> 3 | AG9: =IF(W9="","",VLOOKUP(W9,Assumptions!$B$6:$C$9,2,FALSE())) -> 4 | AH9: =IF(X9="","",VLOOKUP(X9,Assumptions!$B$6:$C$9,2,FALSE())) -> 4 | AI9: =IF(Y9="","",VLOOKUP(Y9,Assumptions!$B$6:$C$9,2,FALSE())) -> 4 | AJ9: =IF(Z9="","",VLOOKUP(Z9,Assumptions!$B$6:$C$9,2,FALSE())) -> 4 | AK9: =IFERROR(ROUND(AVERAGE(AF9:AJ9),3),"") -> 3.8 | AL9: =IF(OR(AF9="",AJ9=""),"",AJ9-AF9) -> 1 | AM9: =IF(COUNT(AF9:AJ9)>=2,ROUND(_xlfn.STDEV.S(AF9:AJ9),3),"") -> 0.447 | AN9: =ROUND((IF(AF9="",0,AF9)*Assumptions!$F$15)+(IF(AG9="",0,AG9)*Assumptions!$F$16)+(IF(AH9="",0,AH9)*Assumptions!$F$17)+(IF(AI9="",0,AI9)*Assumptions!$F$18)+(IF(AJ9="",0,AJ9)*Assumptions!$F$19),3) -> 3.9 | AO9: =IF(AC9<=20,"",IF(AC9<=Assumptions!$F$6,"20-30",IF(AC9<=Assumptions!$F$7,"30-40",IF(AC9<=Assumptions!$F$8,"40-50",IF(AC9<=Assumptions!$F$9,"50-60",IF(AC9<=Assumptions!$F$10,"60+","")))))) -> 50-60 | AP9: =IFERROR(VLOOKUP(O9,Assumptions!$B$14:$C$26,2,FALSE()),"Other") -> Leadership | AQ9: =IF(T9="",0,1) -> 1 | AR9: =IF(U9="",0,1) -> 1 | AS9: =IF(AK9="","",IF(MAX($AK$2:$AK$921)=MIN($AK$2:$AK$921),50,ROUND((AK9-MIN($AK$2:$AK$921))/(MAX($AK$2:$AK$921)-MIN($AK$2:$AK$921))*100,2))) -> 91.43 | AT9: =IF(MAX($BC$2:$BC$921)=MIN($BC$2:$BC$921),50,ROUND((BC9-MIN($BC$2:$BC$921))/(MAX($BC$2:$BC$921)-MIN($BC$2:$BC$921))*100,2)) -> 75 | AU9: =IF(MAX($BE$2:$BE$921)=MIN($BE$2:$BE$921),50,ROUND((BE9-MIN($BE$2:$BE$921))/(MAX($BE$2:$BE$921)-MIN($BE$2:$BE$921))*100,2)) -> 74.19 | AV9: =IF(MAX($AD$2:$AD$921)=MIN($AD$2:$AD$921),50,ROUND((AD9-MIN($AD$2:$AD$921))/(MAX($AD$2:$AD$921)-MIN($AD$2:$AD$921))*100,2)) -> 94.56 | AW9: =IF(MAX($AN$2:$AN$921)=MIN($AN$2:$AN$921),50,ROUND((AN9-MIN($AN$2:$AN$921))/(MAX($AN$2:$AN$921)-MIN($AN$2:$AN$921))*100,2)) -> 97.5 | AX9: =AQ9*100 -> 100 | AY9: =AR9*100 -> 100 | AZ9: =IFERROR(ROUND(AS9*Assumptions!$I$6+AW9*Assumptions!$I$7+AT9*Assumptions!$I$8+AU9*Assumptions!$I$9+AV9*Assumptions!$I$10+AX9*Assumptions!$I$11+AY9*Assumptions!$I$12,2),"") -> 88.76 | BA9: =IF(AZ9="","",IF(AZ9<=Assumptions!$I$18,"Below Expectation",IF(AZ9<=Assumptions!$I$19,"Developing",IF(AZ9<=Assumptions!$I$20,"Meets Expectation",IF(AZ9<=Assumptions!$I$21,"Exceeds","Star Performer"))))) -> Star Performer | BB9: =IF(AZ9="",0,IF(AZ9>=Assumptions!$I$26,1,0)) -> 1 | BC9: =IF(AL9="",2,AL9+2) -> 3 | BD9: =IF(AM9="",ROUND(AVERAGE($AM$2:$AM$921),3),AM9) -> 0.447 | BE9: =1-BD9 -> 0.553
A10: 39 | B10: 10001835 | C10: Enterprise Application Management | D10: Mr. Hardik Dave | E10: E&M IT HR Platforms | F10: Chief Engineering & Tech | G10: 24281719 | H10: Chief Engineering & Tech | I10: Bharat Bhushan | J10: Mr. Hemant Jain | K10: Marrd. | L10: 37970 | M10: 51.1 | N10: 27503 | O10: Vice President | P10: Vice - President | Q10: 22.5 | R10: 5.6 | S10: 27.11 | T10: 43598 | U10: 44440 | V10: A* | W10: A* | X10: A* | Y10: A* | Z10: A* | AA10: PhD-Computer Programming-2006,MCA-Computer Applications-1998,BSc-Chemistry-1995 | AB10: =IFERROR(VALUE(R10),0) -> 5.6 | AC10: =IFERROR(VALUE(M10),"") -> 51.1 | AD10: =IFERROR(VALUE(Q10),"") -> 22.5 | AE10: =IFERROR(VALUE(S10),"") -> 27.11 | AF10: =IF(V10="","",VLOOKUP(V10,Assumptions!$B$6:$C$9,2,FALSE())) -> 4 | AG10: =IF(W10="","",VLOOKUP(W10,Assumptions!$B$6:$C$9,2,FALSE())) -> 4 | AH10: =IF(X10="","",VLOOKUP(X10,Assumptions!$B$6:$C$9,2,FALSE())) -> 4 | AI10: =IF(Y10="","",VLOOKUP(Y10,Assumptions!$B$6:$C$9,2,FALSE())) -> 4 | AJ10: =IF(Z10="","",VLOOKUP(Z10,Assumptions!$B$6:$C$9,2,FALSE())) -> 4 | AK10: =IFERROR(ROUND(AVERAGE(AF10:AJ10),3),"") -> 4 | AL10: =IF(OR(AF10="",AJ10=""),"",AJ10-AF10) -> 0 | AM10: =IF(COUNT(AF10:AJ10)>=2,ROUND(_xlfn.STDEV.S(AF10:AJ10),3),"") -> 0 | AN10: =ROUND((IF(AF10="",0,AF10)*Assumptions!$F$15)+(IF(AG10="",0,AG10)*Assumptions!$F$16)+(IF(AH10="",0,AH10)*Assumptions!$F$17)+(IF(AI10="",0,AI10)*Assumptions!$F$18)+(IF(AJ10="",0,AJ10)*Assumptions!$F$19),3) -> 4 | AO10: =IF(AC10<=20,"",IF(AC10<=Assumptions!$F$6,"20-30",IF(AC10<=Assumptions!$F$7,"30-40",IF(AC10<=Assumptions!$F$8,"40-50",IF(AC10<=Assumptions!$F$9,"50-60",IF(AC10<=Assumptions!$F$10,"60+","")))))) -> 50-60 | AP10: =IFERROR(VLOOKUP(O10,Assumptions!$B$14:$C$26,2,FALSE()),"Other") -> Leadership | AQ10: =IF(T10="",0,1) -> 1 | AR10: =IF(U10="",0,1) -> 1 | AS10: =IF(AK10="","",IF(MAX($AK$2:$AK$921)=MIN($AK$2:$AK$921),50,ROUND((AK10-MIN($AK$2:$AK$921))/(MAX($AK$2:$AK$921)-MIN($AK$2:$AK$921))*100,2))) -> 100 | AT10: =IF(MAX($BC$2:$BC$921)=MIN($BC$2:$BC$921),50,ROUND((BC10-MIN($BC$2:$BC$921))/(MAX($BC$2:$BC$921)-MIN($BC$2:$BC$921))*100,2)) -> 50 | AU10: =IF(MAX($BE$2:$BE$921)=MIN($BE$2:$BE$921),50,ROUND((BE10-MIN($BE$2:$BE$921))/(MAX($BE$2:$BE$921)-MIN($BE$2:$BE$921))*100,2)) -> 100 | AV10: =IF(MAX($AD$2:$AD$921)=MIN($AD$2:$AD$921),50,ROUND((AD10-MIN($AD$2:$AD$921))/(MAX($AD$2:$AD$921)-MIN($AD$2:$AD$921))*100,2)) -> 60.86 | AW10: =IF(MAX($AN$2:$AN$921)=MIN($AN$2:$AN$921),50,ROUND((AN10-MIN($AN$2:$AN$921))/(MAX($AN$2:$AN$921)-MIN($AN$2:$AN$921))*100,2)) -> 100 | AX10: =AQ10*100 -> 100 | AY10: =AR10*100 -> 100 | AZ10: =IFERROR(ROUND(AS10*Assumptions!$I$6+AW10*Assumptions!$I$7+AT10*Assumptions!$I$8+AU10*Assumptions!$I$9+AV10*Assumptions!$I$10+AX10*Assumptions!$I$11+AY10*Assumptions!$I$12,2),"") -> 88.59 | BA10: =IF(AZ10="","",IF(AZ10<=Assumptions!$I$18,"Below Expectation",IF(AZ10<=Assumptions!$I$19,"Developing",IF(AZ10<=Assumptions!$I$20,"Meets Expectation",IF(AZ10<=Assumptions!$I$21,"Exceeds","Star Performer"))))) -> Star Performer | BB10: =IF(AZ10="",0,IF(AZ10>=Assumptions!$I$26,1,0)) -> 1 | BC10: =IF(AL10="",2,AL10+2) -> 2 | BD10: =IF(AM10="",ROUND(AVERAGE($AM$2:$AM$921),3),AM10) -> 0 | BE10: =1-BD10 -> 1
A11: 350 | B11: 37100262 | C11: IRM & Cyber Security | D11: Mr. Rajesh Shethia | E11: IRM Vulnerability Management | F11: Head Information Security | G11: 24281827 | H11: Head Information Security | I11: Bharat Bhushan | J11: Ms. Sudeshna Das | K11: Marrd. | L11: 38268 | M11: 47.5 | N11: 28836 | O11: Asst. Vice President | P11: Asst. Vice - President | Q11: 21.8 | R11: 2.11 | S11: 24.7 | T11: 42751 | U11: 44440 | V11: A* | W11: A* | X11: A* | Y11: A* | Z11: A* | AA11: BE-Chemical-2001 | AB11: =IFERROR(VALUE(R11),0) -> 2.11 | AC11: =IFERROR(VALUE(M11),"") -> 47.5 | AD11: =IFERROR(VALUE(Q11),"") -> 21.8 | AE11: =IFERROR(VALUE(S11),"") -> 24.7 | AF11: =IF(V11="","",VLOOKUP(V11,Assumptions!$B$6:$C$9,2,FALSE())) -> 4 | AG11: =IF(W11="","",VLOOKUP(W11,Assumptions!$B$6:$C$9,2,FALSE())) -> 4 | AH11: =IF(X11="","",VLOOKUP(X11,Assumptions!$B$6:$C$9,2,FALSE())) -> 4 | AI11: =IF(Y11="","",VLOOKUP(Y11,Assumptions!$B$6:$C$9,2,FALSE())) -> 4 | AJ11: =IF(Z11="","",VLOOKUP(Z11,Assumptions!$B$6:$C$9,2,FALSE())) -> 4 | AK11: =IFERROR(ROUND(AVERAGE(AF11:AJ11),3),"") -> 4 | AL11: =IF(OR(AF11="",AJ11=""),"",AJ11-AF11) -> 0 | AM11: =IF(COUNT(AF11:AJ11)>=2,ROUND(_xlfn.STDEV.S(AF11:AJ11),3),"") -> 0 | AN11: =ROUND((IF(AF11="",0,AF11)*Assumptions!$F$15)+(IF(AG11="",0,AG11)*Assumptions!$F$16)+(IF(AH11="",0,AH11)*Assumptions!$F$17)+(IF(AI11="",0,AI11)*Assumptions!$F$18)+(IF(AJ11="",0,AJ11)*Assumptions!$F$19),3) -> 4 | AO11: =IF(AC11<=20,"",IF(AC11<=Assumptions!$F$6,"20-30",IF(AC11<=Assumptions!$F$7,"30-40",IF(AC11<=Assumptions!$F$8,"40-50",IF(AC11<=Assumptions!$F$9,"50-60",IF(AC11<=Assumptions!$F$10,"60+","")))))) -> 40-50 | AP11: =IFERROR(VLOOKUP(O11,Assumptions!$B$14:$C$26,2,FALSE()),"Other") -> Leadership | AQ11: =IF(T11="",0,1) -> 1 | AR11: =IF(U11="",0,1) -> 1 | AS11: =IF(AK11="","",IF(MAX($AK$2:$AK$921)=MIN($AK$2:$AK$921),50,ROUND((AK11-MIN($AK$2:$AK$921))/(MAX($AK$2:$AK$921)-MIN($AK$2:$AK$921))*100,2))) -> 100 | AT11: =IF(MAX($BC$2:$BC$921)=MIN($BC$2:$BC$921),50,ROUND((BC11-MIN($BC$2:$BC$921))/(MAX($BC$2:$BC$921)-MIN($BC$2:$BC$921))*100,2)) -> 50 | AU11: =IF(MAX($BE$2:$BE$921)=MIN($BE$2:$BE$921),50,ROUND((BE11-MIN($BE$2:$BE$921))/(MAX($BE$2:$BE$921)-MIN($BE$2:$BE$921))*100,2)) -> 100 | AV11: =IF(MAX($AD$2:$AD$921)=MIN($AD$2:$AD$921),50,ROUND((AD11-MIN($AD$2:$AD$921))/(MAX($AD$2:$AD$921)-MIN($AD$2:$AD$921))*100,2)) -> 58.96 | AW11: =IF(MAX($AN$2:$AN$921)=MIN($AN$2:$AN$921),50,ROUND((AN11-MIN($AN$2:$AN$921))/(MAX($AN$2:$AN$921)-MIN($AN$2:$AN$921))*100,2)) -> 100 | AX11: =AQ11*100 -> 100 | AY11: =AR11*100 -> 100 | AZ11: =IFERROR(ROUND(AS11*Assumptions!$I$6+AW11*Assumptions!$I$7+AT11*Assumptions!$I$8+AU11*Assumptions!$I$9+AV11*Assumptions!$I$10+AX11*Assumptions!$I$11+AY11*Assumptions!$I$12,2),"") -> 88.4 | BA11: =IF(AZ11="","",IF(AZ11<=Assumptions!$I$18,"Below Expectation",IF(AZ11<=Assumptions!$I$19,"Developing",IF(AZ11<=Assumptions!$I$20,"Meets Expectation",IF(AZ11<=Assumptions!$I$21,"Exceeds","Star Performer"))))) -> Star Performer | BB11: =IF(AZ11="",0,IF(AZ11>=Assumptions!$I$26,1,0)) -> 1 | BC11: =IF(AL11="",2,AL11+2) -> 2 | BD11: =IF(AM11="",ROUND(AVERAGE($AM$2:$AM$921),3),AM11) -> 0 | BE11: =1-BD11 -> 1
A12: 42 | B12: 10005916 | C12: JioCX | D12: Mr. Prashant Ayare | E12: JioCX Engineering | F12: Team Lead Software Development | G12: 24281768 | H12: Team Lead Software Development | I12: Bharat Bhushan | J12: Ms. Arya Khamparia | K12: Marrd. | L12: 38290 | M12: 46.1 | N12: 29339 | O12: General Manager | P12: General Manager | Q12: 21.7 | R12: 3.5 | S12: 25.0 | T12: 43598 | U12: 44440 | V12: A* | W12: A* | X12: A* | Y12: A* | Z12: A* | AA12: Master in Information Management (MIM)-Project Management-2009,BCom-Commerce-2000 | AB12: =IFERROR(VALUE(R12),0) -> 3.5 | AC12: =IFERROR(VALUE(M12),"") -> 46.1 | AD12: =IFERROR(VALUE(Q12),"") -> 21.7 | AE12: =IFERROR(VALUE(S12),"") -> 25 | AF12: =IF(V12="","",VLOOKUP(V12,Assumptions!$B$6:$C$9,2,FALSE())) -> 4 | AG12: =IF(W12="","",VLOOKUP(W12,Assumptions!$B$6:$C$9,2,FALSE())) -> 4 | AH12: =IF(X12="","",VLOOKUP(X12,Assumptions!$B$6:$C$9,2,FALSE())) -> 4 | AI12: =IF(Y12="","",VLOOKUP(Y12,Assumptions!$B$6:$C$9,2,FALSE())) -> 4 | AJ12: =IF(Z12="","",VLOOKUP(Z12,Assumptions!$B$6:$C$9,2,FALSE())) -> 4 | AK12: =IFERROR(ROUND(AVERAGE(AF12:AJ12),3),"") -> 4 | AL12: =IF(OR(AF12="",AJ12=""),"",AJ12-AF12) -> 0 | AM12: =IF(COUNT(AF12:AJ12)>=2,ROUND(_xlfn.STDEV.S(AF12:AJ12),3),"") -> 0 | AN12: =ROUND((IF(AF12="",0,AF12)*Assumptions!$F$15)+(IF(AG12="",0,AG12)*Assumptions!$F$16)+(IF(AH12="",0,AH12)*Assumptions!$F$17)+(IF(AI12="",0,AI12)*Assumptions!$F$18)+(IF(AJ12="",0,AJ12)*Assumptions!$F$19),3) -> 4 | AO12: =IF(AC12<=20,"",IF(AC12<=Assumptions!$F$6,"20-30",IF(AC12<=Assumptions!$F$7,"30-40",IF(AC12<=Assumptions!$F$8,"40-50",IF(AC12<=Assumptions!$F$9,"50-60",IF(AC12<=Assumptions!$F$10,"60+","")))))) -> 40-50 | AP12: =IFERROR(VLOOKUP(O12,Assumptions!$B$14:$C$26,2,FALSE()),"Other") -> Manager | AQ12: =IF(T12="",0,1) -> 1 | AR12: =IF(U12="",0,1) -> 1 | AS12: =IF(AK12="","",IF(MAX($AK$2:$AK$921)=MIN($AK$2:$AK$921),50,ROUND((AK12-MIN($AK$2:$AK$921))/(MAX($AK$2:$AK$921)-MIN($AK$2:$AK$921))*100,2))) -> 100 | AT12: =IF(MAX($BC$2:$BC$921)=MIN($BC$2:$BC$921),50,ROUND((BC12-MIN($BC$2:$BC$921))/(MAX($BC$2:$BC$921)-MIN($BC$2:$BC$921))*100,2)) -> 50 | AU12: =IF(MAX($BE$2:$BE$921)=MIN($BE$2:$BE$921),50,ROUND((BE12-MIN($BE$2:$BE$921))/(MAX($BE$2:$BE$921)-MIN($BE$2:$BE$921))*100,2)) -> 100 | AV12: =IF(MAX($AD$2:$AD$921)=MIN($AD$2:$AD$921),50,ROUND((AD12-MIN($AD$2:$AD$921))/(MAX($AD$2:$AD$921)-MIN($AD$2:$AD$921))*100,2)) -> 58.68 | AW12: =IF(MAX($AN$2:$AN$921)=MIN($AN$2:$AN$921),50,ROUND((AN12-MIN($AN$2:$AN$921))/(MAX($AN$2:$AN$921)-MIN($AN$2:$AN$921))*100,2)) -> 100 | AX12: =AQ12*100 -> 100 | AY12: =AR12*100 -> 100 | AZ12: =IFERROR(ROUND(AS12*Assumptions!$I$6+AW12*Assumptions!$I$7+AT12*Assumptions!$I$8+AU12*Assumptions!$I$9+AV12*Assumptions!$I$10+AX12*Assumptions!$I$11+AY12*Assumptions!$I$12,2),"") -> 88.37 | BA12: =IF(AZ12="","",IF(AZ12<=Assumptions!$I$18,"Below Expectation",IF(AZ12<=Assumptions!$I$19,"Developing",IF(AZ12<=Assumptions!$I$20,"Meets Expectation",IF(AZ12<=Assumptions!$I$21,"Exceeds","Star Performer"))))) -> Star Performer | BB12: =IF(AZ12="",0,IF(AZ12>=Assumptions!$I$26,1,0)) -> 1 | BC12: =IF(AL12="",2,AL12+2) -> 2 | BD12: =IF(AM12="",ROUND(AVERAGE($AM$2:$AM$921),3),AM12) -> 0 | BE12: =1-BD12 -> 1
A13: 359 | B13: 37101494 | C13: Enterprise Application Management | D13: Mr. Bhavin K Acharya | E13: E&M IT SAP Tech Ops | F13: Head Tech Operations | G13: 24281778 | H13: Head Tech Operations | I13: Bharat Bhushan | J13: Mr. Hemant Jain | K13: Marrd. | L13: 39182 | M13: 55.0 | N13: 26067 | O13: Asst. Vice President | P13: Asst. Vice - President | Q13: 19.1 | R13: 11.7 | S13: 30.8 | T13: 42917 | U13: 44440 | V13: A* | W13: A* | X13: A* | Y13: A* | Z13: A* | AA13: MCA-Computer Applications-2004,MSc-Physics-1994,BSc-Physics-1992 | AB13: =IFERROR(VALUE(R13),0) -> 11.7 | AC13: =IFERROR(VALUE(M13),"") -> 55 | AD13: =IFERROR(VALUE(Q13),"") -> 19.1 | AE13: =IFERROR(VALUE(S13),"") -> 30.8 | AF13: =IF(V13="","",VLOOKUP(V13,Assumptions!$B$6:$C$9,2,FALSE())) -> 4 | AG13: =IF(W13="","",VLOOKUP(W13,Assumptions!$B$6:$C$9,2,FALSE())) -> 4 | AH13: =IF(X13="","",VLOOKUP(X13,Assumptions!$B$6:$C$9,2,FALSE())) -> 4 | AI13: =IF(Y13="","",VLOOKUP(Y13,Assumptions!$B$6:$C$9,2,FALSE())) -> 4 | AJ13: =IF(Z13="","",VLOOKUP(Z13,Assumptions!$B$6:$C$9,2,FALSE())) -> 4 | AK13: =IFERROR(ROUND(AVERAGE(AF13:AJ13),3),"") -> 4 | AL13: =IF(OR(AF13="",AJ13=""),"",AJ13-AF13) -> 0 | AM13: =IF(COUNT(AF13:AJ13)>=2,ROUND(_xlfn.STDEV.S(AF13:AJ13),3),"") -> 0 | AN13: =ROUND((IF(AF13="",0,AF13)*Assumptions!$F$15)+(IF(AG13="",0,AG13)*Assumptions!$F$16)+(IF(AH13="",0,AH13)*Assumptions!$F$17)+(IF(AI13="",0,AI13)*Assumptions!$F$18)+(IF(AJ13="",0,AJ13)*Assumptions!$F$19),3) -> 4 | AO13: =IF(AC13<=20,"",IF(AC13<=Assumptions!$F$6,"20-30",IF(AC13<=Assumptions!$F$7,"30-40",IF(AC13<=Assumptions!$F$8,"40-50",IF(AC13<=Assumptions!$F$9,"50-60",IF(AC13<=Assumptions!$F$10,"60+","")))))) -> 50-60 | AP13: =IFERROR(VLOOKUP(O13,Assumptions!$B$14:$C$26,2,FALSE()),"Other") -> Leadership | AQ13: =IF(T13="",0,1) -> 1 | AR13: =IF(U13="",0,1) -> 1 | AS13: =IF(AK13="","",IF(MAX($AK$2:$AK$921)=MIN($AK$2:$AK$921),50,ROUND((AK13-MIN($AK$2:$AK$921))/(MAX($AK$2:$AK$921)-MIN($AK$2:$AK$921))*100,2))) -> 100 | AT13: =IF(MAX($BC$2:$BC$921)=MIN($BC$2:$BC$921),50,ROUND((BC13-MIN($BC$2:$BC$921))/(MAX($BC$2:$BC$921)-MIN($BC$2:$BC$921))*100,2)) -> 50 | AU13: =IF(MAX($BE$2:$BE$921)=MIN($BE$2:$BE$921),50,ROUND((BE13-MIN($BE$2:$BE$921))/(MAX($BE$2:$BE$921)-MIN($BE$2:$BE$921))*100,2)) -> 100 | AV13: =IF(MAX($AD$2:$AD$921)=MIN($AD$2:$AD$921),50,ROUND((AD13-MIN($AD$2:$AD$921))/(MAX($AD$2:$AD$921)-MIN($AD$2:$AD$921))*100,2)) -> 51.62 | AW13: =IF(MAX($AN$2:$AN$921)=MIN($AN$2:$AN$921),50,ROUND((AN13-MIN($AN$2:$AN$921))/(MAX($AN$2:$AN$921)-MIN($AN$2:$AN$921))*100,2)) -> 100 | AX13: =AQ13*100 -> 100 | AY13: =AR13*100 -> 100 | AZ13: =IFERROR(ROUND(AS13*Assumptions!$I$6+AW13*Assumptions!$I$7+AT13*Assumptions!$I$8+AU13*Assumptions!$I$9+AV13*Assumptions!$I$10+AX13*Assumptions!$I$11+AY13*Assumptions!$I$12,2),"") -> 87.66 | BA13: =IF(AZ13="","",IF(AZ13<=Assumptions!$I$18,"Below Expectation",IF(AZ13<=Assumptions!$I$19,"Developing",IF(AZ13<=Assumptions!$I$20,"Meets Expectation",IF(AZ13<=Assumptions!$I$21,"Exceeds","Star Performer"))))) -> Star Performer | BB13: =IF(AZ13="",0,IF(AZ13>=Assumptions!$I$26,1,0)) -> 1 | BC13: =IF(AL13="",2,AL13+2) -> 2 | BD13: =IF(AM13="",ROUND(AVERAGE($AM$2:$AM$921),3),AM13) -> 0 | BE13: =1-BD13 -> 1
A14: 441 | B14: 55000019 | C14: JioCX | D14: Mr. Jitendra Bhatia | E14: JioCX Engineering | F14: Head Architecture JioCX | G14: 24281724 | H14: Head Architecture | I14: Bharat Bhushan | J14: Ms. Arya Khamparia | K14: Marrd. | L14: 39580 | M14: 47.9 | N14: 28740 | O14: Asst. Vice President | P14: Asst. Vice - President | Q14: 18 | R14: 8.10 | S14: 26.10 | T14: 41730 | U14: 43556 | V14: A* | W14: A* | X14: A* | Y14: A* | Z14: A* | AA14: BE-Electronics & Comm. Engg-2001(FT) | AB14: =IFERROR(VALUE(R14),0) -> 8.1 | AC14: =IFERROR(VALUE(M14),"") -> 47.9 | AD14: =IFERROR(VALUE(Q14),"") -> 18 | AE14: =IFERROR(VALUE(S14),"") -> 26.1 | AF14: =IF(V14="","",VLOOKUP(V14,Assumptions!$B$6:$C$9,2,FALSE())) -> 4 | AG14: =IF(W14="","",VLOOKUP(W14,Assumptions!$B$6:$C$9,2,FALSE())) -> 4 | AH14: =IF(X14="","",VLOOKUP(X14,Assumptions!$B$6:$C$9,2,FALSE())) -> 4 | AI14: =IF(Y14="","",VLOOKUP(Y14,Assumptions!$B$6:$C$9,2,FALSE())) -> 4 | AJ14: =IF(Z14="","",VLOOKUP(Z14,Assumptions!$B$6:$C$9,2,FALSE())) -> 4 | AK14: =IFERROR(ROUND(AVERAGE(AF14:AJ14),3),"") -> 4 | AL14: =IF(OR(AF14="",AJ14=""),"",AJ14-AF14) -> 0 | AM14: =IF(COUNT(AF14:AJ14)>=2,ROUND(_xlfn.STDEV.S(AF14:AJ14),3),"") -> 0 | AN14: =ROUND((IF(AF14="",0,AF14)*Assumptions!$F$15)+(IF(AG14="",0,AG14)*Assumptions!$F$16)+(IF(AH14="",0,AH14)*Assumptions!$F$17)+(IF(AI14="",0,AI14)*Assumptions!$F$18)+(IF(AJ14="",0,AJ14)*Assumptions!$F$19),3) -> 4 | AO14: =IF(AC14<=20,"",IF(AC14<=Assumptions!$F$6,"20-30",IF(AC14<=Assumptions!$F$7,"30-40",IF(AC14<=Assumptions!$F$8,"40-50",IF(AC14<=Assumptions!$F$9,"50-60",IF(AC14<=Assumptions!$F$10,"60+","")))))) -> 40-50 | AP14: =IFERROR(VLOOKUP(O14,Assumptions!$B$14:$C$26,2,FALSE()),"Other") -> Leadership | AQ14: =IF(T14="",0,1) -> 1 | AR14: =IF(U14="",0,1) -> 1 | AS14: =IF(AK14="","",IF(MAX($AK$2:$AK$921)=MIN($AK$2:$AK$921),50,ROUND((AK14-MIN($AK$2:$AK$921))/(MAX($AK$2:$AK$921)-MIN($AK$2:$AK$921))*100,2))) -> 100 | AT14: =IF(MAX($BC$2:$BC$921)=MIN($BC$2:$BC$921),50,ROUND((BC14-MIN($BC$2:$BC$921))/(MAX($BC$2:$BC$921)-MIN($BC$2:$BC$921))*100,2)) -> 50 | AU14: =IF(MAX($BE$2:$BE$921)=MIN($BE$2:$BE$921),50,ROUND((BE14-MIN($BE$2:$BE$921))/(MAX($BE$2:$BE$921)-MIN($BE$2:$BE$921))*100,2)) -> 100 | AV14: =IF(MAX($AD$2:$AD$921)=MIN($AD$2:$AD$921),50,ROUND((AD14-MIN($AD$2:$AD$921))/(MAX($AD$2:$AD$921)-MIN($AD$2:$AD$921))*100,2)) -> 48.63 | AW14: =IF(MAX($AN$2:$AN$921)=MIN($AN$2:$AN$921),50,ROUND((AN14-MIN($AN$2:$AN$921))/(MAX($AN$2:$AN$921)-MIN($AN$2:$AN$921))*100,2)) -> 100 | AX14: =AQ14*100 -> 100 | AY14: =AR14*100 -> 100 | AZ14: =IFERROR(ROUND(AS14*Assumptions!$I$6+AW14*Assumptions!$I$7+AT14*Assumptions!$I$8+AU14*Assumptions!$I$9+AV14*Assumptions!$I$10+AX14*Assumptions!$I$11+AY14*Assumptions!$I$12,2),"") -> 87.36 | BA14: =IF(AZ14="","",IF(AZ14<=Assumptions!$I$18,"Below Expectation",IF(AZ14<=Assumptions!$I$19,"Developing",IF(AZ14<=Assumptions!$I$20,"Meets Expectation",IF(AZ14<=Assumptions!$I$21,"Exceeds","Star Performer"))))) -> Star Performer | BB14: =IF(AZ14="",0,IF(AZ14>=Assumptions!$I$26,1,0)) -> 1 | BC14: =IF(AL14="",2,AL14+2) -> 2 | BD14: =IF(AM14="",ROUND(AVERAGE($AM$2:$AM$921),3),AM14) -> 0 | BE14: =1-BD14 -> 1
... A24: 2 | B24: 7214 | C24: IT Infrastructure | D24: Mr. Suresh Kumar | E24: Infrastructure Projects | F24: Chief - IT Infrastructure | G24: 24281819 | H24: Chief IT Infrastructure | I24: Bharat Bhushan | J24: Ms. Sudeshna Das | K24: Marrd. | L24: 34348 | M24: 56.9 | N24: 25433 | O24: Vice President | P24: Vice - President | Q24: 32.4 | R24: . | S24: 32.4 | T24: 40634 | U24: 44470 | V24: A+ | W24: A+ | X24: A* | Y24: A* | Z24: A* | AA24: Certificate Course-Computer Engg-1996,PGD in Computer Science-Computer Applications-1993,BCom-Commerce-1991 | AB24: =IFERROR(VALUE(R24),0) -> 0 | AC24: =IFERROR(VALUE(M24),"") -> 56.9 | AD24: =IFERROR(VALUE(Q24),"") -> 32.4 | AE24: =IFERROR(VALUE(S24),"") -> 32.4 | AF24: =IF(V24="","",VLOOKUP(V24,Assumptions!$B$6:$C$9,2,FALSE())) -> 3 | AG24: =IF(W24="","",VLOOKUP(W24,Assumptions!$B$6:$C$9,2,FALSE())) -> 3 | AH24: =IF(X24="","",VLOOKUP(X24,Assumptions!$B$6:$C$9,2,FALSE())) -> 4 | AI24: =IF(Y24="","",VLOOKUP(Y24,Assumptions!$B$6:$C$9,2,FALSE())) -> 4 | AJ24: =IF(Z24="","",VLOOKUP(Z24,Assumptions!$B$6:$C$9,2,FALSE())) -> 4 | AK24: =IFERROR(ROUND(AVERAGE(AF24:AJ24),3),"") -> 3.6 | AL24: =IF(OR(AF24="",AJ24=""),"",AJ24-AF24) -> 1 | AM24: =IF(COUNT(AF24:AJ24)>=2,ROUND(_xlfn.STDEV.S(AF24:AJ24),3),"") -> 0.548 | AN24: =ROUND((IF(AF24="",0,AF24)*Assumptions!$F$15)+(IF(AG24="",0,AG24)*Assumptions!$F$16)+(IF(AH24="",0,AH24)*Assumptions!$F$17)+(IF(AI24="",0,AI24)*Assumptions!$F$18)+(IF(AJ24="",0,AJ24)*Assumptions!$F$19),3) -> 3.75 | AO24: =IF(AC24<=20,"",IF(AC24<=Assumptions!$F$6,"20-30",IF(AC24<=Assumptions!$F$7,"30-40",IF(AC24<=Assumptions!$F$8,"40-50",IF(AC24<=Assumptions!$F$9,"50-60",IF(AC24<=Assumptions!$F$10,"60+","")))))) -> 50-60 | AP24: =IFERROR(VLOOKUP(O24,Assumptions!$B$14:$C$26,2,FALSE()),"Other") -> Leadership | AQ24: =IF(T24="",0,1) -> 1 | AR24: =IF(U24="",0,1) -> 1 | AS24: =IF(AK24="","",IF(MAX($AK$2:$AK$921)=MIN($AK$2:$AK$921),50,ROUND((AK24-MIN($AK$2:$AK$921))/(MAX($AK$2:$AK$921)-MIN($AK$2:$AK$921))*100,2))) -> 82.85 | AT24: =IF(MAX($BC$2:$BC$921)=MIN($BC$2:$BC$921),50,ROUND((BC24-MIN($BC$2:$BC$921))/(MAX($BC$2:$BC$921)-MIN($BC$2:$BC$921))*100,2)) -> 75 | AU24: =IF(MAX($BE$2:$BE$921)=MIN($BE$2:$BE$921),50,ROUND((BE24-MIN($BE$2:$BE$921))/(MAX($BE$2:$BE$921)-MIN($BE$2:$BE$921))*100,2)) -> 68.36 | AV24: =IF(MAX($AD$2:$AD$921)=MIN($AD$2:$AD$921),50,ROUND((AD24-MIN($AD$2:$AD$921))/(MAX($AD$2:$AD$921)-MIN($AD$2:$AD$921))*100,2)) -> 87.77 | AW24: =IF(MAX($AN$2:$AN$921)=MIN($AN$2:$AN$921),50,ROUND((AN24-MIN($AN$2:$AN$921))/(MAX($AN$2:$AN$921)-MIN($AN$2:$AN$921))*100,2)) -> 93.75 | AX24: =AQ24*100 -> 100 | AY24: =AR24*100 -> 100 | AZ24: =IFERROR(ROUND(AS24*Assumptions!$I$6+AW24*Assumptions!$I$7+AT24*Assumptions!$I$8+AU24*Assumptions!$I$9+AV24*Assumptions!$I$10+AX24*Assumptions!$I$11+AY24*Assumptions!$I$12,2),"") -> 83.89 | BA24: =IF(AZ24="","",IF(AZ24<=Assumptions!$I$18,"Below Expectation",IF(AZ24<=Assumptions!$I$19,"Developing",IF(AZ24<=Assumptions!$I$20,"Meets Expectation",IF(AZ24<=Assumptions!$I$21,"Exceeds","Star Performer"))))) -> Exceeds | BB24: =IF(AZ24="",0,IF(AZ24>=Assumptions!$I$26,1,0)) -> 1 | BC24: =IF(AL24="",2,AL24+2) -> 3 | BD24: =IF(AM24="",ROUND(AVERAGE($AM$2:$AM$921),3),AM24) -> 0.548 | BE24: =1-BD24 -> 0.452
A25: 419 | B25: 50009964 | D25: Mr. Ankit Vijay | E25: HR Platform Development & Business Supp | F25: Lead -Software Development | G25: 24281767 | H25: Lead Software Development | I25: Bharat Bhushan | J25: Mr. Hemant Jain | K25: Marrd. | L25: 40917 | M25: 38.5 | N25: 32135 | O25: DGM | P25: Dy. General Manager | Q25: 14.4 | R25: . | S25: 14.4 | T25: 42430 | U25: 44440 | V25: A+ | W25: A* | X25: A* | Y25: A* | Z25: A* | AA25: BTech-Information Technology-2010(FT) | AB25: =IFERROR(VALUE(R25),0) -> 0 | AC25: =IFERROR(VALUE(M25),"") -> 38.5 | AD25: =IFERROR(VALUE(Q25),"") -> 14.4 | AE25: =IFERROR(VALUE(S25),"") -> 14.4 | AF25: =IF(V25="","",VLOOKUP(V25,Assumptions!$B$6:$C$9,2,FALSE())) -> 3 | AG25: =IF(W25="","",VLOOKUP(W25,Assumptions!$B$6:$C$9,2,FALSE())) -> 4 | AH25: =IF(X25="","",VLOOKUP(X25,Assumptions!$B$6:$C$9,2,FALSE())) -> 4 | AI25: =IF(Y25="","",VLOOKUP(Y25,Assumptions!$B$6:$C$9,2,FALSE())) -> 4 | AJ25: =IF(Z25="","",VLOOKUP(Z25,Assumptions!$B$6:$C$9,2,FALSE())) -> 4 | AK25: =IFERROR(ROUND(AVERAGE(AF25:AJ25),3),"") -> 3.8 | AL25: =IF(OR(AF25="",AJ25=""),"",AJ25-AF25) -> 1 | AM25: =IF(COUNT(AF25:AJ25)>=2,ROUND(_xlfn.STDEV.S(AF25:AJ25),3),"") -> 0.447 | AN25: =ROUND((IF(AF25="",0,AF25)*Assumptions!$F$15)+(IF(AG25="",0,AG25)*Assumptions!$F$16)+(IF(AH25="",0,AH25)*Assumptions!$F$17)+(IF(AI25="",0,AI25)*Assumptions!$F$18)+(IF(AJ25="",0,AJ25)*Assumptions!$F$19),3) -> 3.9 | AO25: =IF(AC25<=20,"",IF(AC25<=Assumptions!$F$6,"20-30",IF(AC25<=Assumptions!$F$7,"30-40",IF(AC25<=Assumptions!$F$8,"40-50",IF(AC25<=Assumptions!$F$9,"50-60",IF(AC25<=Assumptions!$F$10,"60+","")))))) -> 30-40 | AP25: =IFERROR(VLOOKUP(O25,Assumptions!$B$14:$C$26,2,FALSE()),"Other") -> Manager | AQ25: =IF(T25="",0,1) -> 1 | AR25: =IF(U25="",0,1) -> 1 | AS25: =IF(AK25="","",IF(MAX($AK$2:$AK$921)=MIN($AK$2:$AK$921),50,ROUND((AK25-MIN($AK$2:$AK$921))/(MAX($AK$2:$AK$921)-MIN($AK$2:$AK$921))*100,2))) -> 91.43 | AT25: =IF(MAX($BC$2:$BC$921)=MIN($BC$2:$BC$921),50,ROUND((BC25-MIN($BC$2:$BC$921))/(MAX($BC$2:$BC$921)-MIN($BC$2:$BC$921))*100,2)) -> 75 | AU25: =IF(MAX($BE$2:$BE$921)=MIN($BE$2:$BE$921),50,ROUND((BE25-MIN($BE$2:$BE$921))/(MAX($BE$2:$BE$921)-MIN($BE$2:$BE$921))*100,2)) -> 74.19 | AV25: =IF(MAX($AD$2:$AD$921)=MIN($AD$2:$AD$921),50,ROUND((AD25-MIN($AD$2:$AD$921))/(MAX($AD$2:$AD$921)-MIN($AD$2:$AD$921))*100,2)) -> 38.84 | AW25: =IF(MAX($AN$2:$AN$921)=MIN($AN$2:$AN$921),50,ROUND((AN25-MIN($AN$2:$AN$921))/(MAX($AN$2:$AN$921)-MIN($AN$2:$AN$921))*100,2)) -> 97.5 | AX25: =AQ25*100 -> 100 | AY25: =AR25*100 -> 100 | AZ25: =IFERROR(ROUND(AS25*Assumptions!$I$6+AW25*Assumptions!$I$7+AT25*Assumptions!$I$8+AU25*Assumptions!$I$9+AV25*Assumptions!$I$10+AX25*Assumptions!$I$11+AY25*Assumptions!$I$12,2),"") -> 83.19 | BA25: =IF(AZ25="","",IF(AZ25<=Assumptions!$I$18,"Below Expectation",IF(AZ25<=Assumptions!$I$19,"Developing",IF(AZ25<=Assumptions!$I$20,"Meets Expectation",IF(AZ25<=Assumptions!$I$21,"Exceeds","Star Performer"))))) -> Exceeds | BB25: =IF(AZ25="",0,IF(AZ25>=Assumptions!$I$26,1,0)) -> 1 | BC25: =IF(AL25="",2,AL25+2) -> 3 | BD25: =IF(AM25="",ROUND(AVERAGE($AM$2:$AM$921),3),AM25) -> 0.447 | BE25: =1-BD25 -> 0.553
A26: 426 | B26: 50010485 | C26: Enterprise Application Management | D26: Mr. Vikas Chaturvedi | E26: E&M IT Oil & Gas | F26: Lead Architect | G26: 24281722 | H26: Lead Architect | I26: Bharat Bhushan | J26: Mr. Hemant Jain | K26: Marrd. | L26: 41037 | M26: 41.6 | N26: 31020 | O26: General Manager | P26: General Manager | Q26: 14.1 | R26: 2.10 | S26: 16.11 | T26: 42644 | U26: 46113 | V26: A+ | W26: A* | X26: A* | Y26: A* | Z26: A* | AA26: BE-Electronics Engg-2009(FT) | AB26: =IFERROR(VALUE(R26),0) -> 2.1 | AC26: =IFERROR(VALUE(M26),"") -> 41.6 | AD26: =IFERROR(VALUE(Q26),"") -> 14.1 | AE26: =IFERROR(VALUE(S26),"") -> 16.11 | AF26: =IF(V26="","",VLOOKUP(V26,Assumptions!$B$6:$C$9,2,FALSE())) -> 3 | AG26: =IF(W26="","",VLOOKUP(W26,Assumptions!$B$6:$C$9,2,FALSE())) -> 4 | AH26: =IF(X26="","",VLOOKUP(X26,Assumptions!$B$6:$C$9,2,FALSE())) -> 4 | AI26: =IF(Y26="","",VLOOKUP(Y26,Assumptions!$B$6:$C$9,2,FALSE())) -> 4 | AJ26: =IF(Z26="","",VLOOKUP(Z26,Assumptions!$B$6:$C$9,2,FALSE())) -> 4 | AK26: =IFERROR(ROUND(AVERAGE(AF26:AJ26),3),"") -> 3.8 | AL26: =IF(OR(AF26="",AJ26=""),"",AJ26-AF26) -> 1 | AM26: =IF(COUNT(AF26:AJ26)>=2,ROUND(_xlfn.STDEV.S(AF26:AJ26),3),"") -> 0.447 | AN26: =ROUND((IF(AF26="",0,AF26)*Assumptions!$F$15)+(IF(AG26="",0,AG26)*Assumptions!$F$16)+(IF(AH26="",0,AH26)*Assumptions!$F$17)+(IF(AI26="",0,AI26)*Assumptions!$F$18)+(IF(AJ26="",0,AJ26)*Assumptions!$F$19),3) -> 3.9 | AO26: =IF(AC26<=20,"",IF(AC26<=Assumptions!$F$6,"20-30",IF(AC26<=Assumptions!$F$7,"30-40",IF(AC26<=Assumptions!$F$8,"40-50",IF(AC26<=Assumptions!$F$9,"50-60",IF(AC26<=Assumptions!$F$10,"60+","")))))) -> 40-50 | AP26: =IFERROR(VLOOKUP(O26,Assumptions!$B$14:$C$26,2,FALSE()),"Other") -> Manager | AQ26: =IF(T26="",0,1) -> 1 | AR26: =IF(U26="",0,1) -> 1 | AS26: =IF(AK26="","",IF(MAX($AK$2:$AK$921)=MIN($AK$2:$AK$921),50,ROUND((AK26-MIN($AK$2:$AK$921))/(MAX($AK$2:$AK$921)-MIN($AK$2:$AK$921))*100,2))) -> 91.43 | AT26: =IF(MAX($BC$2:$BC$921)=MIN($BC$2:$BC$921),50,ROUND((BC26-MIN($BC$2:$BC$921))/(MAX($BC$2:$BC$921)-MIN($BC$2:$BC$921))*100,2)) -> 75 | AU26: =IF(MAX($BE$2:$BE$921)=MIN($BE$2:$BE$921),50,ROUND((BE26-MIN($BE$2:$BE$921))/(MAX($BE$2:$BE$921)-MIN($BE$2:$BE$921))*100,2)) -> 74.19 | AV26: =IF(MAX($AD$2:$AD$921)=MIN($AD$2:$AD$921),50,ROUND((AD26-MIN($AD$2:$AD$921))/(MAX($AD$2:$AD$921)-MIN($AD$2:$AD$921))*100,2)) -> 38.03 | AW26: =IF(MAX($AN$2:$AN$921)=MIN($AN$2:$AN$921),50,ROUND((AN26-MIN($AN$2:$AN$921))/(MAX($AN$2:$AN$921)-MIN($AN$2:$AN$921))*100,2)) -> 97.5 | AX26: =AQ26*100 -> 100 | AY26: =AR26*100 -> 100 | AZ26: =IFERROR(ROUND(AS26*Assumptions!$I$6+AW26*Assumptions!$I$7+AT26*Assumptions!$I$8+AU26*Assumptions!$I$9+AV26*Assumptions!$I$10+AX26*Assumptions!$I$11+AY26*Assumptions!$I$12,2),"") -> 83.11 | BA26: =IF(AZ26="","",IF(AZ26<=Assumptions!$I$18,"Below Expectation",IF(AZ26<=Assumptions!$I$19,"Developing",IF(AZ26<=Assumptions!$I$20,"Meets Expectation",IF(AZ26<=Assumptions!$I$21,"Exceeds","Star Performer"))))) -> Exceeds | BB26: =IF(AZ26="",0,IF(AZ26>=Assumptions!$I$26,1,0)) -> 1 | BC26: =IF(AL26="",2,AL26+2) -> 3 | BD26: =IF(AM26="",ROUND(AVERAGE($AM$2:$AM$921),3),AM26) -> 0.447 | BE26: =1-BD26 -> 0.553
A27: 8 | B27: 22114 | C27: IT Infrastructure | D27: Mr. Shashank S Pisat | E27: Collaboration Tools | F27: Chief - IT Infrastructure | G27: 24281819 | H27: Chief IT Infrastructure | I27: Bharat Bhushan | J27: Ms. Sudeshna Das | K27: Marrd. | L27: 35389 | M27: 51.10 | N27: 27242 | O27: Vice President | P27: Vice - President | Q27: 29.6 | R27: 1.11 | S27: 31.5 | T27: 42917 | U27: 44470 | V27: A+ | W27: A* | X27: A+ | Y27: A* | Z27: A* | AA27: Management Development Prog : Level - 1-Management-2008,Other Engineering Certificates-Communication-2003,Certificate Course-Information System-1998,Other Engineering Certificates-Novell Network-1996 | AB27: =IFERROR(VALUE(R27),0) -> 1.11 | AC27: =IFERROR(VALUE(M27),"") -> 51.1 | AD27: =IFERROR(VALUE(Q27),"") -> 29.6 | AE27: =IFERROR(VALUE(S27),"") -> 31.5 | AF27: =IF(V27="","",VLOOKUP(V27,Assumptions!$B$6:$C$9,2,FALSE())) -> 3 | AG27: =IF(W27="","",VLOOKUP(W27,Assumptions!$B$6:$C$9,2,FALSE())) -> 4 | AH27: =IF(X27="","",VLOOKUP(X27,Assumptions!$B$6:$C$9,2,FALSE())) -> 3 | AI27: =IF(Y27="","",VLOOKUP(Y27,Assumptions!$B$6:$C$9,2,FALSE())) -> 4 | AJ27: =IF(Z27="","",VLOOKUP(Z27,Assumptions!$B$6:$C$9,2,FALSE())) -> 4 | AK27: =IFERROR(ROUND(AVERAGE(AF27:AJ27),3),"") -> 3.6 | AL27: =IF(OR(AF27="",AJ27=""),"",AJ27-AF27) -> 1 | AM27: =IF(COUNT(AF27:AJ27)>=2,ROUND(_xlfn.STDEV.S(AF27:AJ27),3),"") -> 0.548 | AN27: =ROUND((IF(AF27="",0,AF27)*Assumptions!$F$15)+(IF(AG27="",0,AG27)*Assumptions!$F$16)+(IF(AH27="",0,AH27)*Assumptions!$F$17)+(IF(AI27="",0,AI27)*Assumptions!$F$18)+(IF(AJ27="",0,AJ27)*Assumptions!$F$19),3) -> 3.7 | AO27: =IF(AC27<=20,"",IF(AC27<=Assumptions!$F$6,"20-30",IF(AC27<=Assumptions!$F$7,"30-40",IF(AC27<=Assumptions!$F$8,"40-50",IF(AC27<=Assumptions!$F$9,"50-60",IF(AC27<=Assumptions!$F$10,"60+","")))))) -> 50-60 | AP27: =IFERROR(VLOOKUP(O27,Assumptions!$B$14:$C$26,2,FALSE()),"Other") -> Leadership | AQ27: =IF(T27="",0,1) -> 1 | AR27: =IF(U27="",0,1) -> 1 | AS27: =IF(AK27="","",IF(MAX($AK$2:$AK$921)=MIN($AK$2:$AK$921),50,ROUND((AK27-MIN($AK$2:$AK$921))/(MAX($AK$2:$AK$921)-MIN($AK$2:$AK$921))*100,2))) -> 82.85 | AT27: =IF(MAX($BC$2:$BC$921)=MIN($BC$2:$BC$921),50,ROUND((BC27-MIN($BC$2:$BC$921))/(MAX($BC$2:$BC$921)-MIN($BC$2:$BC$921))*100,2)) -> 75 | AU27: =IF(MAX($BE$2:$BE$921)=MIN($BE$2:$BE$921),50,ROUND((BE27-MIN($BE$2:$BE$921))/(MAX($BE$2:$BE$921)-MIN($BE$2:$BE$921))*100,2)) -> 68.36 | AV27: =IF(MAX($AD$2:$AD$921)=MIN($AD$2:$AD$921),50,ROUND((AD27-MIN($AD$2:$AD$921))/(MAX($AD$2:$AD$921)-MIN($AD$2:$AD$921))*100,2)) -> 80.16 | AW27: =IF(MAX($AN$2:$AN$921)=MIN($AN$2:$AN$921),50,ROUND((AN27-MIN($AN$2:$AN$921))/(MAX($AN$2:$AN$921)-MIN($AN$2:$AN$921))*100,2)) -> 92.5 | AX27: =AQ27*100 -> 100 | AY27: =AR27*100 -> 100 | AZ27: =IFERROR(ROUND(AS27*Assumptions!$I$6+AW27*Assumptions!$I$7+AT27*Assumptions!$I$8+AU27*Assumptions!$I$9+AV27*Assumptions!$I$10+AX27*Assumptions!$I$11+AY27*Assumptions!$I$12,2),"") -> 82.88 | BA27: =IF(AZ27="","",IF(AZ27<=Assumptions!$I$18,"Below Expectation",IF(AZ27<=Assumptions!$I$19,"Developing",IF(AZ27<=Assumptions!$I$20,"Meets Expectation",IF(AZ27<=Assumptions!$I$21,"Exceeds","Star Performer"))))) -> Exceeds | BB27: =IF(AZ27="",0,IF(AZ27>=Assumptions!$I$26,1,0)) -> 1 | BC27: =IF(AL27="",2,AL27+2) -> 3 | BD27: =IF(AM27="",ROUND(AVERAGE($AM$2:$AM$921),3),AM27) -> 0.548 | BE27: =1-BD27 -> 0.452
A28: 332 | B28: 19507440 | D28: Mr. Hiteshkumar Khatri | E28: HR Platform Development & Business Supp | F28: Lead Architect | G28: 24281722 | H28: Lead Architect | I28: Bharat Bhushan | J28: Mr. Hemant Jain | K28: Marrd. | L28: 37391 | M28: 47.6 | N28: 28814 | O28: DGM | P28: Dy. General Manager | Q28: 24 | R28: . | S28: 24.0 | T28: 38808 | U28: 44440 | V28: A* | W28: A+ | X28: A* | Y28: A* | Z28: A* | AA28: MBA-Human Resource-2008(PT),PGD in Computer Science-Information Science and Engg.-2002(PT),Certificate Course-Computer Management-2001,Certificate Course-Computer Applications-2000,BCom-Commerce-1999, | AB28: =IFERROR(VALUE(R28),0) -> 0 | AC28: =IFERROR(VALUE(M28),"") -> 47.6 | AD28: =IFERROR(VALUE(Q28),"") -> 24 | AE28: =IFERROR(VALUE(S28),"") -> 24 | AF28: =IF(V28="","",VLOOKUP(V28,Assumptions!$B$6:$C$9,2,FALSE())) -> 4 | AG28: =IF(W28="","",VLOOKUP(W28,Assumptions!$B$6:$C$9,2,FALSE())) -> 3 | AH28: =IF(X28="","",VLOOKUP(X28,Assumptions!$B$6:$C$9,2,FALSE())) -> 4 | AI28: =IF(Y28="","",VLOOKUP(Y28,Assumptions!$B$6:$C$9,2,FALSE())) -> 4 | AJ28: =IF(Z28="","",VLOOKUP(Z28,Assumptions!$B$6:$C$9,2,FALSE())) -> 4 | AK28: =IFERROR(ROUND(AVERAGE(AF28:AJ28),3),"") -> 3.8 | AL28: =IF(OR(AF28="",AJ28=""),"",AJ28-AF28) -> 0 | AM28: =IF(COUNT(AF28:AJ28)>=2,ROUND(_xlfn.STDEV.S(AF28:AJ28),3),"") -> 0.447 | AN28: =ROUND((IF(AF28="",0,AF28)*Assumptions!$F$15)+(IF(AG28="",0,AG28)*Assumptions!$F$16)+(IF(AH28="",0,AH28)*Assumptions!$F$17)+(IF(AI28="",0,AI28)*Assumptions!$F$18)+(IF(AJ28="",0,AJ28)*Assumptions!$F$19),3) -> 3.85 | AO28: =IF(AC28<=20,"",IF(AC28<=Assumptions!$F$6,"20-30",IF(AC28<=Assumptions!$F$7,"30-40",IF(AC28<=Assumptions!$F$8,"40-50",IF(AC28<=Assumptions!$F$9,"50-60",IF(AC28<=Assumptions!$F$10,"60+","")))))) -> 40-50 | AP28: =IFERROR(VLOOKUP(O28,Assumptions!$B$14:$C$26,2,FALSE()),"Other") -> Manager | AQ28: =IF(T28="",0,1) -> 1 | AR28: =IF(U28="",0,1) -> 1 | AS28: =IF(AK28="","",IF(MAX($AK$2:$AK$921)=MIN($AK$2:$AK$921),50,ROUND((AK28-MIN($AK$2:$AK$921))/(MAX($AK$2:$AK$921)-MIN($AK$2:$AK$921))*100,2))) -> 91.43 | AT28: =IF(MAX($BC$2:$BC$921)=MIN($BC$2:$BC$921),50,ROUND((BC28-MIN($BC$2:$BC$921))/(MAX($BC$2:$BC$921)-MIN($BC$2:$BC$921))*100,2)) -> 50 | AU28: =IF(MAX($BE$2:$BE$921)=MIN($BE$2:$BE$921),50,ROUND((BE28-MIN($BE$2:$BE$921))/(MAX($BE$2:$BE$921)-MIN($BE$2:$BE$921))*100,2)) -> 74.19 | AV28: =IF(MAX($AD$2:$AD$921)=MIN($AD$2:$AD$921),50,ROUND((AD28-MIN($AD$2:$AD$921))/(MAX($AD$2:$AD$921)-MIN($AD$2:$AD$921))*100,2)) -> 64.94 | AW28: =IF(MAX($AN$2:$AN$921)=MIN($AN$2:$AN$921),50,ROUND((AN28-MIN($AN$2:$AN$921))/(MAX($AN$2:$AN$921)-MIN($AN$2:$AN$921))*100,2)) -> 96.25 | AX28: =AQ28*100 -> 100 | AY28: =AR28*100 -> 100 | AZ28: =IFERROR(ROUND(AS28*Assumptions!$I$6+AW28*Assumptions!$I$7+AT28*Assumptions!$I$8+AU28*Assumptions!$I$9+AV28*Assumptions!$I$10+AX28*Assumptions!$I$11+AY28*Assumptions!$I$12,2),"") -> 81.8 | BA28: =IF(AZ28="","",IF(AZ28<=Assumptions!$I$18,"Below Expectation",IF(AZ28<=Assumptions!$I$19,"Developing",IF(AZ28<=Assumptions!$I$20,"Meets Expectation",IF(AZ28<=Assumptions!$I$21,"Exceeds","Star Performer"))))) -> Exceeds | BB28: =IF(AZ28="",0,IF(AZ28>=Assumptions!$I$26,1,0)) -> 1 | BC28: =IF(AL28="",2,AL28+2) -> 2 | BD28: =IF(AM28="",ROUND(AVERAGE($AM$2:$AM$921),3),AM28) -> 0.447 | BE28: =1-BD28 -> 0.553
A29: 385 | B29: 50007745 | C29: Enterprise Application Management | D29: Mr. Hitenkumar Koringa | E29: E&M IT Petchem | F29: Lead Architect | G29: 24281722 | H29: Lead Architect | I29: Bharat Bhushan | J29: Mr. Hemant Jain | K29: Marrd. | L29: 40413 | M29: 41.7 | N29: 30974 | O29: General Manager | P29: General Manager | Q29: 15.9 | R29: 4 | S29: 19.9 | U29: 46113 | V29: A* | W29: A* | X29: A* | Y29: A* | Z29: A* | AA29: BE-Electrical-2006 | AB29: =IFERROR(VALUE(R29),0) -> 4 | AC29: =IFERROR(VALUE(M29),"") -> 41.7 | AD29: =IFERROR(VALUE(Q29),"") -> 15.9 | AE29: =IFERROR(VALUE(S29),"") -> 19.9 | AF29: =IF(V29="","",VLOOKUP(V29,Assumptions!$B$6:$C$9,2,FALSE())) -> 4 | AG29: =IF(W29="","",VLOOKUP(W29,Assumptions!$B$6:$C$9,2,FALSE())) -> 4 | AH29: =IF(X29="","",VLOOKUP(X29,Assumptions!$B$6:$C$9,2,FALSE())) -> 4 | AI29: =IF(Y29="","",VLOOKUP(Y29,Assumptions!$B$6:$C$9,2,FALSE())) -> 4 | AJ29: =IF(Z29="","",VLOOKUP(Z29,Assumptions!$B$6:$C$9,2,FALSE())) -> 4 | AK29: =IFERROR(ROUND(AVERAGE(AF29:AJ29),3),"") -> 4 | AL29: =IF(OR(AF29="",AJ29=""),"",AJ29-AF29) -> 0 | AM29: =IF(COUNT(AF29:AJ29)>=2,ROUND(_xlfn.STDEV.S(AF29:AJ29),3),"") -> 0 | AN29: =ROUND((IF(AF29="",0,AF29)*Assumptions!$F$15)+(IF(AG29="",0,AG29)*Assumptions!$F$16)+(IF(AH29="",0,AH29)*Assumptions!$F$17)+(IF(AI29="",0,AI29)*Assumptions!$F$18)+(IF(AJ29="",0,AJ29)*Assumptions!$F$19),3) -> 4 | AO29: =IF(AC29<=20,"",IF(AC29<=Assumptions!$F$6,"20-30",IF(AC29<=Assumptions!$F$7,"30-40",IF(AC29<=Assumptions!$F$8,"40-50",IF(AC29<=Assumptions!$F$9,"50-60",IF(AC29<=Assumptions!$F$10,"60+","")))))) -> 40-50 | AP29: =IFERROR(VLOOKUP(O29,Assumptions!$B$14:$C$26,2,FALSE()),"Other") -> Manager | AQ29: =IF(T29="",0,1) -> 0 | AR29: =IF(U29="",0,1) -> 1 | AS29: =IF(AK29="","",IF(MAX($AK$2:$AK$921)=MIN($AK$2:$AK$921),50,ROUND((AK29-MIN($AK$2:$AK$921))/(MAX($AK$2:$AK$921)-MIN($AK$2:$AK$921))*100,2))) -> 100 | AT29: =IF(MAX($BC$2:$BC$921)=MIN($BC$2:$BC$921),50,ROUND((BC29-MIN($BC$2:$BC$921))/(MAX($BC$2:$BC$921)-MIN($BC$2:$BC$921))*100,2)) -> 50 | AU29: =IF(MAX($BE$2:$BE$921)=MIN($BE$2:$BE$921),50,ROUND((BE29-MIN($BE$2:$BE$921))/(MAX($BE$2:$BE$921)-MIN($BE$2:$BE$921))*100,2)) -> 100 | AV29: =IF(MAX($AD$2:$AD$921)=MIN($AD$2:$AD$921),50,ROUND((AD29-MIN($AD$2:$AD$921))/(MAX($AD$2:$AD$921)-MIN($AD$2:$AD$921))*100,2)) -> 42.92 | AW29: =IF(MAX($AN$2:$AN$921)=MIN($AN$2:$AN$921),50,ROUND((AN29-MIN($AN$2:$AN$921))/(MAX($AN$2:$AN$921)-MIN($AN$2:$AN$921))*100,2)) -> 100 | AX29: =AQ29*100 -> 0 | AY29: =AR29*100 -> 100 | AZ29: =IFERROR(ROUND(AS29*Assumptions!$I$6+AW29*Assumptions!$I$7+AT29*Assumptions!$I$8+AU29*Assumptions!$I$9+AV29*Assumptions!$I$10+AX29*Assumptions!$I$11+AY29*Assumptions!$I$12,2),"") -> 81.79 | BA29: =IF(AZ29="","",IF(AZ29<=Assumptions!$I$18,"Below Expectation",IF(AZ29<=Assumptions!$I$19,"Developing",IF(AZ29<=Assumptions!$I$20,"Meets Expectation",IF(AZ29<=Assumptions!$I$21,"Exceeds","Star Performer"))))) -> Exceeds | BB29: =IF(AZ29="",0,IF(AZ29>=Assumptions!$I$26,1,0)) -> 1 | BC29: =IF(AL29="",2,AL29+2) -> 2 | BD29: =IF(AM29="",ROUND(AVERAGE($AM$2:$AM$921),3),AM29) -> 0 | BE29: =1-BD29 -> 1
A30: 115 | B30: 10035303 | C30: Enterprise Application Management | D30: Mr. Venkatraman A Prabhu | E30: E&M IT Workplace Services | F30: Head Software Development | G30: 24281769 | H30: Head Software Development | I30: Bharat Bhushan | J30: Mr. Hemant Jain | K30: Marrd. | L30: 41235 | M30: 48.6 | N30: 28464 | O30: Asst. Vice President | P30: Asst. Vice - President | Q30: 13.6 | R30: 13.3 | S30: 26.9 | T30: 42491 | V30: A* | W30: A* | X30: A* | Y30: A* | Z30: A* | AA30: Other Management Certificates-Operations-2019(PT),BE-Mechanical-1999 | AB30: =IFERROR(VALUE(R30),0) -> 13.3 | AC30: =IFERROR(VALUE(M30),"") -> 48.6 | AD30: =IFERROR(VALUE(Q30),"") -> 13.6 | AE30: =IFERROR(VALUE(S30),"") -> 26.9 | AF30: =IF(V30="","",VLOOKUP(V30,Assumptions!$B$6:$C$9,2,FALSE())) -> 4 | AG30: =IF(W30="","",VLOOKUP(W30,Assumptions!$B$6:$C$9,2,FALSE())) -> 4 | AH30: =IF(X30="","",VLOOKUP(X30,Assumptions!$B$6:$C$9,2,FALSE())) -> 4 | AI30: =IF(Y30="","",VLOOKUP(Y30,Assumptions!$B$6:$C$9,2,FALSE())) -> 4 | AJ30: =IF(Z30="","",VLOOKUP(Z30,Assumptions!$B$6:$C$9,2,FALSE())) -> 4 | AK30: =IFERROR(ROUND(AVERAGE(AF30:AJ30),3),"") -> 4 | AL30: =IF(OR(AF30="",AJ30=""),"",AJ30-AF30) -> 0 | AM30: =IF(COUNT(AF30:AJ30)>=2,ROUND(_xlfn.STDEV.S(AF30:AJ30),3),"") -> 0 | AN30: =ROUND((IF(AF30="",0,AF30)*Assumptions!$F$15)+(IF(AG30="",0,AG30)*Assumptions!$F$16)+(IF(AH30="",0,AH30)*Assumptions!$F$17)+(IF(AI30="",0,AI30)*Assumptions!$F$18)+(IF(AJ30="",0,AJ30)*Assumptions!$F$19),3) -> 4 | AO30: =IF(AC30<=20,"",IF(AC30<=Assumptions!$F$6,"20-30",IF(AC30<=Assumptions!$F$7,"30-40",IF(AC30<=Assumptions!$F$8,"40-50",IF(AC30<=Assumptions!$F$9,"50-60",IF(AC30<=Assumptions!$F$10,"60+","")))))) -> 40-50 | AP30: =IFERROR(VLOOKUP(O30,Assumptions!$B$14:$C$26,2,FALSE()),"Other") -> Leadership | AQ30: =IF(T30="",0,1) -> 1 | AR30: =IF(U30="",0,1) -> 0 | AS30: =IF(AK30="","",IF(MAX($AK$2:$AK$921)=MIN($AK$2:$AK$921),50,ROUND((AK30-MIN($AK$2:$AK$921))/(MAX($AK$2:$AK$921)-MIN($AK$2:$AK$921))*100,2))) -> 100 | AT30: =IF(MAX($BC$2:$BC$921)=MIN($BC$2:$BC$921),50,ROUND((BC30-MIN($BC$2:$BC$921))/(MAX($BC$2:$BC$921)-MIN($BC$2:$BC$921))*100,2)) -> 50 | AU30: =IF(MAX($BE$2:$BE$921)=MIN($BE$2:$BE$921),50,ROUND((BE30-MIN($BE$2:$BE$921))/(MAX($BE$2:$BE$921)-MIN($BE$2:$BE$921))*100,2)) -> 100 | AV30: =IF(MAX($AD$2:$AD$921)=MIN($AD$2:$AD$921),50,ROUND((AD30-MIN($AD$2:$AD$921))/(MAX($AD$2:$AD$921)-MIN($AD$2:$AD$921))*100,2)) -> 36.67 | AW30: =IF(MAX($AN$2:$AN$921)=MIN($AN$2:$AN$921),50,ROUND((AN30-MIN($AN$2:$AN$921))/(MAX($AN$2:$AN$921)-MIN($AN$2:$AN$921))*100,2)) -> 100 | AX30: =AQ30*100 -> 100 | AY30: =AR30*100 -> 0 | AZ30: =IFERROR(ROUND(AS30*Assumptions!$I$6+AW30*Assumptions!$I$7+AT30*Assumptions!$I$8+AU30*Assumptions!$I$9+AV30*Assumptions!$I$10+AX30*Assumptions!$I$11+AY30*Assumptions!$I$12,2),"") -> 81.17 | BA30: =IF(AZ30="","",IF(AZ30<=Assumptions!$I$18,"Below Expectation",IF(AZ30<=Assumptions!$I$19,"Developing",IF(AZ30<=Assumptions!$I$20,"Meets Expectation",IF(AZ30<=Assumptions!$I$21,"Exceeds","Star Performer"))))) -> Exceeds | BB30: =IF(AZ30="",0,IF(AZ30>=Assumptions!$I$26,1,0)) -> 1 | BC30: =IF(AL30="",2,AL30+2) -> 2 | BD30: =IF(AM30="",ROUND(AVERAGE($AM$2:$AM$921),3),AM30) -> 0 | BE30: =1-BD30 -> 1
A31: 347 | B31: 37100212 | C31: IT Infrastructure | D31: Mr. Dhananjay Chavan | E31: Enterprise IDC & Cloud | F31: Lead IT Infrastructure | G31: 24281816 | H31: Lead IT Infrastructure | I31: Bharat Bhushan | J31: Ms. Sudeshna Das | K31: Marrd. | L31: 38047 | M31: 48.7 | N31: 28434 | O31: DGM | P31: Dy. General Manager | Q31: 22.3 | R31: 5.8 | S31: 27.11 | T31: 38808 | U31: 44652 | V31: A* | W31: A* | X31: A+ | Y31: A* | Z31: A* | AA31: Diploma - Engineering-Computer Engg-1998 | AB31: =IFERROR(VALUE(R31),0) -> 5.8 | AC31: =IFERROR(VALUE(M31),"") -> 48.7 | AD31: =IFERROR(VALUE(Q31),"") -> 22.3 | AE31: =IFERROR(VALUE(S31),"") -> 27.11 | AF31: =IF(V31="","",VLOOKUP(V31,Assumptions!$B$6:$C$9,2,FALSE())) -> 4 | AG31: =IF(W31="","",VLOOKUP(W31,Assumptions!$B$6:$C$9,2,FALSE())) -> 4 | AH31: =IF(X31="","",VLOOKUP(X31,Assumptions!$B$6:$C$9,2,FALSE())) -> 3 | AI31: =IF(Y31="","",VLOOKUP(Y31,Assumptions!$B$6:$C$9,2,FALSE())) -> 4 | AJ31: =IF(Z31="","",VLOOKUP(Z31,Assumptions!$B$6:$C$9,2,FALSE())) -> 4 | AK31: =IFERROR(ROUND(AVERAGE(AF31:AJ31),3),"") -> 3.8 | AL31: =IF(OR(AF31="",AJ31=""),"",AJ31-AF31) -> 0 | AM31: =IF(COUNT(AF31:AJ31)>=2,ROUND(_xlfn.STDEV.S(AF31:AJ31),3),"") -> 0.447 | AN31: =ROUND((IF(AF31="",0,AF31)*Assumptions!$F$15)+(IF(AG31="",0,AG31)*Assumptions!$F$16)+(IF(AH31="",0,AH31)*Assumptions!$F$17)+(IF(AI31="",0,AI31)*Assumptions!$F$18)+(IF(AJ31="",0,AJ31)*Assumptions!$F$19),3) -> 3.8 | AO31: =IF(AC31<=20,"",IF(AC31<=Assumptions!$F$6,"20-30",IF(AC31<=Assumptions!$F$7,"30-40",IF(AC31<=Assumptions!$F$8,"40-50",IF(AC31<=Assumptions!$F$9,"50-60",IF(AC31<=Assumptions!$F$10,"60+","")))))) -> 40-50 | AP31: =IFERROR(VLOOKUP(O31,Assumptions!$B$14:$C$26,2,FALSE()),"Other") -> Manager | AQ31: =IF(T31="",0,1) -> 1 | AR31: =IF(U31="",0,1) -> 1 | AS31: =IF(AK31="","",IF(MAX($AK$2:$AK$921)=MIN($AK$2:$AK$921),50,ROUND((AK31-MIN($AK$2:$AK$921))/(MAX($AK$2:$AK$921)-MIN($AK$2:$AK$921))*100,2))) -> 91.43 | AT31: =IF(MAX($BC$2:$BC$921)=MIN($BC$2:$BC$921),50,ROUND((BC31-MIN($BC$2:$BC$921))/(MAX($BC$2:$BC$921)-MIN($BC$2:$BC$921))*100,2)) -> 50 | AU31: =IF(MAX($BE$2:$BE$921)=MIN($BE$2:$BE$921),50,ROUND((BE31-MIN($BE$2:$BE$921))/(MAX($BE$2:$BE$921)-MIN($BE$2:$BE$921))*100,2)) -> 74.19 | AV31: =IF(MAX($AD$2:$AD$921)=MIN($AD$2:$AD$921),50,ROUND((AD31-MIN($AD$2:$AD$921))/(MAX($AD$2:$AD$921)-MIN($AD$2:$AD$921))*100,2)) -> 60.32 | AW31: =IF(MAX($AN$2:$AN$921)=MIN($AN$2:$AN$921),50,ROUND((AN31-MIN($AN$2:$AN$921))/(MAX($AN$2:$AN$921)-MIN($AN$2:$AN$921))*100,2)) -> 95 | AX31: =AQ31*100 -> 100 | AY31: =AR31*100 -> 100 | AZ31: =IFERROR(ROUND(AS31*Assumptions!$I$6+AW31*Assumptions!$I$7+AT31*Assumptions!$I$8+AU31*Assumptions!$I$9+AV31*Assumptions!$I$10+AX31*Assumptions!$I$11+AY31*Assumptions!$I$12,2),"") -> 81.09 | BA31: =IF(AZ31="","",IF(AZ31<=Assumptions!$I$18,"Below Expectation",IF(AZ31<=Assumptions!$I$19,"Developing",IF(AZ31<=Assumptions!$I$20,"Meets Expectation",IF(AZ31<=Assumptions!$I$21,"Exceeds","Star Performer"))))) -> Exceeds | BB31: =IF(AZ31="",0,IF(AZ31>=Assumptions!$I$26,1,0)) -> 1 | BC31: =IF(AL31="",2,AL31+2) -> 2 | BD31: =IF(AM31="",ROUND(AVERAGE($AM$2:$AM$921),3),AM31) -> 0.447 | BE31: =1-BD31 -> 0.553
A32: 435 | B32: 50011635 | C32: JioCX | D32: Ms. Kiran Narvekar | E32: JioCX Support Services | F32: Sr. Product Manager JioCX | G32: 24281855 | H32: Senior Product Management | I32: Bharat Bhushan | J32: Ms. Arya Khamparia | K32: Single | L32: 41327 | M32: 36.1 | N32: 32976 | O32: DGM | P32: Dy. General Manager | Q32: 13.3 | R32: .6 | S32: 13.9 | U32: 45992 | V32: A* | W32: A* | X32: A* | Y32: A* | Z32: A* | AA32: MBA-Marketing-2018(PT),BCom-Commerce-2011(FT) | AB32: =IFERROR(VALUE(R32),0) -> 0.6 | AC32: =IFERROR(VALUE(M32),"") -> 36.1 | AD32: =IFERROR(VALUE(Q32),"") -> 13.3 | AE32: =IFERROR(VALUE(S32),"") -> 13.9 | AF32: =IF(V32="","",VLOOKUP(V32,Assumptions!$B$6:$C$9,2,FALSE())) -> 4 | AG32: =IF(W32="","",VLOOKUP(W32,Assumptions!$B$6:$C$9,2,FALSE())) -> 4 | AH32: =IF(X32="","",VLOOKUP(X32,Assumptions!$B$6:$C$9,2,FALSE())) -> 4 | AI32: =IF(Y32="","",VLOOKUP(Y32,Assumptions!$B$6:$C$9,2,FALSE())) -> 4 | AJ32: =IF(Z32="","",VLOOKUP(Z32,Assumptions!$B$6:$C$9,2,FALSE())) -> 4 | AK32: =IFERROR(ROUND(AVERAGE(AF32:AJ32),3),"") -> 4 | AL32: =IF(OR(AF32="",AJ32=""),"",AJ32-AF32) -> 0 | AM32: =IF(COUNT(AF32:AJ32)>=2,ROUND(_xlfn.STDEV.S(AF32:AJ32),3),"") -> 0 | AN32: =ROUND((IF(AF32="",0,AF32)*Assumptions!$F$15)+(IF(AG32="",0,AG32)*Assumptions!$F$16)+(IF(AH32="",0,AH32)*Assumptions!$F$17)+(IF(AI32="",0,AI32)*Assumptions!$F$18)+(IF(AJ32="",0,AJ32)*Assumptions!$F$19),3) -> 4 | AO32: =IF(AC32<=20,"",IF(AC32<=Assumptions!$F$6,"20-30",IF(AC32<=Assumptions!$F$7,"30-40",IF(AC32<=Assumptions!$F$8,"40-50",IF(AC32<=Assumptions!$F$9,"50-60",IF(AC32<=Assumptions!$F$10,"60+","")))))) -> 30-40 | AP32: =IFERROR(VLOOKUP(O32,Assumptions!$B$14:$C$26,2,FALSE()),"Other") -> Manager | AQ32: =IF(T32="",0,1) -> 0 | AR32: =IF(U32="",0,1) -> 1 | AS32: =IF(AK32="","",IF(MAX($AK$2:$AK$921)=MIN($AK$2:$AK$921),50,ROUND((AK32-MIN($AK$2:$AK$921))/(MAX($AK$2:$AK$921)-MIN($AK$2:$AK$921))*100,2))) -> 100 | AT32: =IF(MAX($BC$2:$BC$921)=MIN($BC$2:$BC$921),50,ROUND((BC32-MIN($BC$2:$BC$921))/(MAX($BC$2:$BC$921)-MIN($BC$2:$BC$921))*100,2)) -> 50 | AU32: =IF(MAX($BE$2:$BE$921)=MIN($BE$2:$BE$921),50,ROUND((BE32-MIN($BE$2:$BE$921))/(MAX($BE$2:$BE$921)-MIN($BE$2:$BE$921))*100,2)) -> 100 | AV32: =IF(MAX($AD$2:$AD$921)=MIN($AD$2:$AD$921),50,ROUND((AD32-MIN($AD$2:$AD$921))/(MAX($AD$2:$AD$921)-MIN($AD$2:$AD$921))*100,2)) -> 35.85 | AW32: =IF(MAX($AN$2:$AN$921)=MIN($AN$2:$AN$921),50,ROUND((AN32-MIN($AN$2:$AN$921))/(MAX($AN$2:$AN$921)-MIN($AN$2:$AN$921))*100,2)) -> 100 | AX32: =AQ32*100 -> 0 | AY32: =AR32*100 -> 100 | AZ32: =IFERROR(ROUND(AS32*Assumptions!$I$6+AW32*Assumptions!$I$7+AT32*Assumptions!$I$8+AU32*Assumptions!$I$9+AV32*Assumptions!$I$10+AX32*Assumptions!$I$11+AY32*Assumptions!$I$12,2),"") -> 81.09 | BA32: =IF(AZ32="","",IF(AZ32<=Assumptions!$I$18,"Below Expectation",IF(AZ32<=Assumptions!$I$19,"Developing",IF(AZ32<=Assumptions!$I$20,"Meets Expectation",IF(AZ32<=Assumptions!$I$21,"Exceeds","Star Performer"))))) -> Exceeds | BB32: =IF(AZ32="",0,IF(AZ32>=Assumptions!$I$26,1,0)) -> 1 | BC32: =IF(AL32="",2,AL32+2) -> 2 | BD32: =IF(AM32="",ROUND(AVERAGE($AM$2:$AM$921),3),AM32) -> 0 | BE32: =1-BD32 -> 1
A33: 132 | B33: 10042665 | C33: Enterprise Application Management | D33: Mr. Ajit Lendve | E33: E&M IT Platform Tech Ops | F33: Head Tech Operations | G33: 24281778 | H33: Head Tech Operations | I33: Bharat Bhushan | J33: Mr. Hemant Jain | K33: Marrd. | L33: 41736 | M33: 46.9 | N33: 29099 | O33: Asst. Vice President | P33: Asst. Vice - President | Q33: 12.2 | R33: 10.2 | S33: 22.4 | U33: 44652 | V33: A* | W33: A* | X33: A* | Y33: A* | Z33: A* | AA33: MBA-Information Technology-2013(PT),BE-Electronics Engg-2005(FT) | AB33: =IFERROR(VALUE(R33),0) -> 10.2 | AC33: =IFERROR(VALUE(M33),"") -> 46.9 | AD33: =IFERROR(VALUE(Q33),"") -> 12.2 | AE33: =IFERROR(VALUE(S33),"") -> 22.4 | AF33: =IF(V33="","",VLOOKUP(V33,Assumptions!$B$6:$C$9,2,FALSE())) -> 4 | AG33: =IF(W33="","",VLOOKUP(W33,Assumptions!$B$6:$C$9,2,FALSE())) -> 4 | AH33: =IF(X33="","",VLOOKUP(X33,Assumptions!$B$6:$C$9,2,FALSE())) -> 4 | AI33: =IF(Y33="","",VLOOKUP(Y33,Assumptions!$B$6:$C$9,2,FALSE())) -> 4 | AJ33: =IF(Z33="","",VLOOKUP(Z33,Assumptions!$B$6:$C$9,2,FALSE())) -> 4 | AK33: =IFERROR(ROUND(AVERAGE(AF33:AJ33),3),"") -> 4 | AL33: =IF(OR(AF33="",AJ33=""),"",AJ33-AF33) -> 0 | AM33: =IF(COUNT(AF33:AJ33)>=2,ROUND(_xlfn.STDEV.S(AF33:AJ33),3),"") -> 0 | AN33: =ROUND((IF(AF33="",0,AF33)*Assumptions!$F$15)+(IF(AG33="",0,AG33)*Assumptions!$F$16)+(IF(AH33="",0,AH33)*Assumptions!$F$17)+(IF(AI33="",0,AI33)*Assumptions!$F$18)+(IF(AJ33="",0,AJ33)*Assumptions!$F$19),3) -> 4 | AO33: =IF(AC33<=20,"",IF(AC33<=Assumptions!$F$6,"20-30",IF(AC33<=Assumptions!$F$7,"30-40",IF(AC33<=Assumptions!$F$8,"40-50",IF(AC33<=Assumptions!$F$9,"50-60",IF(AC33<=Assumptions!$F$10,"60+","")))))) -> 40-50 | AP33: =IFERROR(VLOOKUP(O33,Assumptions!$B$14:$C$26,2,FALSE()),"Other") -> Leadership | AQ33: =IF(T33="",0,1) -> 0 | AR33: =IF(U33="",0,1) -> 1 | AS33: =IF(AK33="","",IF(MAX($AK$2:$AK$921)=MIN($AK$2:$AK$921),50,ROUND((AK33-MIN($AK$2:$AK$921))/(MAX($AK$2:$AK$921)-MIN($AK$2:$AK$921))*100,2))) -> 100 | AT33: =IF(MAX($BC$2:$BC$921)=MIN($BC$2:$BC$921),50,ROUND((BC33-MIN($BC$2:$BC$921))/(MAX($BC$2:$BC$921)-MIN($BC$2:$BC$921))*100,2)) -> 50 | AU33: =IF(MAX($BE$2:$BE$921)=MIN($BE$2:$BE$921),50,ROUND((BE33-MIN($BE$2:$BE$921))/(MAX($BE$2:$BE$921)-MIN($BE$2:$BE$921))*100,2)) -> 100 | AV33: =IF(MAX($AD$2:$AD$921)=MIN($AD$2:$AD$921),50,ROUND((AD33-MIN($AD$2:$AD$921))/(MAX($AD$2:$AD$921)-MIN($AD$2:$AD$921))*100,2)) -> 32.86 | AW33: =IF(MAX($AN$2:$AN$921)=MIN($AN$2:$AN$921),50,ROUND((AN33-MIN($AN$2:$AN$921))/(MAX($AN$2:$AN$921)-MIN($AN$2:$AN$921))*100,2)) -> 100 | AX33: =AQ33*100 -> 0 | AY33: =AR33*100 -> 100 | AZ33: =IFERROR(ROUND(AS33*Assumptions!$I$6+AW33*Assumptions!$I$7+AT33*Assumptions!$I$8+AU33*Assumptions!$I$9+AV33*Assumptions!$I$10+AX33*Assumptions!$I$11+AY33*Assumptions!$I$12,2),"") -> 80.79 | BA33: =IF(AZ33="","",IF(AZ33<=Assumptions!$I$18,"Below Expectation",IF(AZ33<=Assumptions!$I$19,"Developing",IF(AZ33<=Assumptions!$I$20,"Meets Expectation",IF(AZ33<=Assumptions!$I$21,"Exceeds","Star Performer"))))) -> Exceeds | BB33: =IF(AZ33="",0,IF(AZ33>=Assumptions!$I$26,1,0)) -> 1 | BC33: =IF(AL33="",2,AL33+2) -> 2 | BD33: =IF(AM33="",ROUND(AVERAGE($AM$2:$AM$921),3),AM33) -> 0 | BE33: =1-BD33 -> 1
A34: 376 | B34: 50001890 | C34: IT Infrastructure | D34: Mr. Qureshi Umar | E34: Enterprise IDC & Cloud | F34: Lead IT Infrastructure | G34: 24281816 | H34: Lead IT Infrastructure | I34: Bharat Bhushan | J34: Ms. Sudeshna Das | K34: Marrd. | L34: 39076 | M34: 50.8 | N34: 27646 | O34: DGM | P34: Dy. General Manager | Q34: 19.5 | R34: 10.5 | S34: 29.10 | T34: 41000 | U34: 44470 | V34: A* | W34: A+ | X34: A* | Y34: A* | Z34: A* | AA34: BCom-Economics-1997(FT),Certificate Course-Information Technology-1996(PT) | AB34: =IFERROR(VALUE(R34),0) -> 10.5 | AC34: =IFERROR(VALUE(M34),"") -> 50.8 | AD34: =IFERROR(VALUE(Q34),"") -> 19.5 | AE34: =IFERROR(VALUE(S34),"") -> 29.1 | AF34: =IF(V34="","",VLOOKUP(V34,Assumptions!$B$6:$C$9,2,FALSE())) -> 4 | AG34: =IF(W34="","",VLOOKUP(W34,Assumptions!$B$6:$C$9,2,FALSE())) -> 3 | AH34: =IF(X34="","",VLOOKUP(X34,Assumptions!$B$6:$C$9,2,FALSE())) -> 4 | AI34: =IF(Y34="","",VLOOKUP(Y34,Assumptions!$B$6:$C$9,2,FALSE())) -> 4 | AJ34: =IF(Z34="","",VLOOKUP(Z34,Assumptions!$B$6:$C$9,2,FALSE())) -> 4 | AK34: =IFERROR(ROUND(AVERAGE(AF34:AJ34),3),"") -> 3.8 | AL34: =IF(OR(AF34="",AJ34=""),"",AJ34-AF34) -> 0 | AM34: =IF(COUNT(AF34:AJ34)>=2,ROUND(_xlfn.STDEV.S(AF34:AJ34),3),"") -> 0.447 | AN34: =ROUND((IF(AF34="",0,AF34)*Assumptions!$F$15)+(IF(AG34="",0,AG34)*Assumptions!$F$16)+(IF(AH34="",0,AH34)*Assumptions!$F$17)+(IF(AI34="",0,AI34)*Assumptions!$F$18)+(IF(AJ34="",0,AJ34)*Assumptions!$F$19),3) -> 3.85 | AO34: =IF(AC34<=20,"",IF(AC34<=Assumptions!$F$6,"20-30",IF(AC34<=Assumptions!$F$7,"30-40",IF(AC34<=Assumptions!$F$8,"40-50",IF(AC34<=Assumptions!$F$9,"50-60",IF(AC34<=Assumptions!$F$10,"60+","")))))) -> 50-60 | AP34: =IFERROR(VLOOKUP(O34,Assumptions!$B$14:$C$26,2,FALSE()),"Other") -> Manager | AQ34: =IF(T34="",0,1) -> 1 | AR34: =IF(U34="",0,1) -> 1 | AS34: =IF(AK34="","",IF(MAX($AK$2:$AK$921)=MIN($AK$2:$AK$921),50,ROUND((AK34-MIN($AK$2:$AK$921))/(MAX($AK$2:$AK$921)-MIN($AK$2:$AK$921))*100,2))) -> 91.43 | AT34: =IF(MAX($BC$2:$BC$921)=MIN($BC$2:$BC$921),50,ROUND((BC34-MIN($BC$2:$BC$921))/(MAX($BC$2:$BC$921)-MIN($BC$2:$BC$921))*100,2)) -> 50 | AU34: =IF(MAX($BE$2:$BE$921)=MIN($BE$2:$BE$921),50,ROUND((BE34-MIN($BE$2:$BE$921))/(MAX($BE$2:$BE$921)-MIN($BE$2:$BE$921))*100,2)) -> 74.19 | AV34: =IF(MAX($AD$2:$AD$921)=MIN($AD$2:$AD$921),50,ROUND((AD34-MIN($AD$2:$AD$921))/(MAX($AD$2:$AD$921)-MIN($AD$2:$AD$921))*100,2)) -> 52.7 | AW34: =IF(MAX($AN$2:$AN$921)=MIN($AN$2:$AN$921),50,ROUND((AN34-MIN($AN$2:$AN$921))/(MAX($AN$2:$AN$921)-MIN($AN$2:$AN$921))*100,2)) -> 96.25 | AX34: =AQ34*100 -> 100 | AY34: =AR34*100 -> 100 | AZ34: =IFERROR(ROUND(AS34*Assumptions!$I$6+AW34*Assumptions!$I$7+AT34*Assumptions!$I$8+AU34*Assumptions!$I$9+AV34*Assumptions!$I$10+AX34*Assumptions!$I$11+AY34*Assumptions!$I$12,2),"") -> 80.58 | BA34: =IF(AZ34="","",IF(AZ34<=Assumptions!$I$18,"Below Expectation",IF(AZ34<=Assumptions!$I$19,"Developing",IF(AZ34<=Assumptions!$I$20,"Meets Expectation",IF(AZ34<=Assumptions!$I$21,"Exceeds","Star Performer"))))) -> Exceeds | BB34: =IF(AZ34="",0,IF(AZ34>=Assumptions!$I$26,1,0)) -> 1 | BC34: =IF(AL34="",2,AL34+2) -> 2 | BD34: =IF(AM34="",ROUND(AVERAGE($AM$2:$AM$921),3),AM34) -> 0.447 | BE34: =1-BD34 -> 0.553
A35: 447 | B35: 55005504 | C35: JioCX | D35: Mr. Rohit Rajkumar Garg | E35: JioCX Engineering | F35: Data Engineer JioCX | G35: 24281747 | H35: Data Engineer | I35: Bharat Bhushan | J35: Ms. Arya Khamparia | K35: Marrd. | L35: 42058 | M35: 36.9 | N35: 32730 | O35: Sr.Manager | P35: Sr. Manager | Q35: 11.3 | R35: 3.7 | S35: 14.10 | U35: 45992 | V35: A* | W35: A* | X35: A* | Y35: A* | Z35: A* | AA35: BE-Electronics & Comm. Engg-2011 | AB35: =IFERROR(VALUE(R35),0) -> 3.7 | AC35: =IFERROR(VALUE(M35),"") -> 36.9 | AD35: =IFERROR(VALUE(Q35),"") -> 11.3 | AE35: =IFERROR(VALUE(S35),"") -> 14.1 | AF35: =IF(V35="","",VLOOKUP(V35,Assumptions!$B$6:$C$9,2,FALSE())) -> 4 | AG35: =IF(W35="","",VLOOKUP(W35,Assumptions!$B$6:$C$9,2,FALSE())) -> 4 | AH35: =IF(X35="","",VLOOKUP(X35,Assumptions!$B$6:$C$9,2,FALSE())) -> 4 | AI35: =IF(Y35="","",VLOOKUP(Y35,Assumptions!$B$6:$C$9,2,FALSE())) -> 4 | AJ35: =IF(Z35="","",VLOOKUP(Z35,Assumptions!$B$6:$C$9,2,FALSE())) -> 4 | AK35: =IFERROR(ROUND(AVERAGE(AF35:AJ35),3),"") -> 4 | AL35: =IF(OR(AF35="",AJ35=""),"",AJ35-AF35) -> 0 | AM35: =IF(COUNT(AF35:AJ35)>=2,ROUND(_xlfn.STDEV.S(AF35:AJ35),3),"") -> 0 | AN35: =ROUND((IF(AF35="",0,AF35)*Assumptions!$F$15)+(IF(AG35="",0,AG35)*Assumptions!$F$16)+(IF(AH35="",0,AH35)*Assumptions!$F$17)+(IF(AI35="",0,AI35)*Assumptions!$F$18)+(IF(AJ35="",0,AJ35)*Assumptions!$F$19),3) -> 4 | AO35: =IF(AC35<=20,"",IF(AC35<=Assumptions!$F$6,"20-30",IF(AC35<=Assumptions!$F$7,"30-40",IF(AC35<=Assumptions!$F$8,"40-50",IF(AC35<=Assumptions!$F$9,"50-60",IF(AC35<=Assumptions!$F$10,"60+","")))))) -> 30-40 | AP35: =IFERROR(VLOOKUP(O35,Assumptions!$B$14:$C$26,2,FALSE()),"Other") -> Manager | AQ35: =IF(T35="",0,1) -> 0 | AR35: =IF(U35="",0,1) -> 1 | AS35: =IF(AK35="","",IF(MAX($AK$2:$AK$921)=MIN($AK$2:$AK$921),50,ROUND((AK35-MIN($AK$2:$AK$921))/(MAX($AK$2:$AK$921)-MIN($AK$2:$AK$921))*100,2))) -> 100 | AT35: =IF(MAX($BC$2:$BC$921)=MIN($BC$2:$BC$921),50,ROUND((BC35-MIN($BC$2:$BC$921))/(MAX($BC$2:$BC$921)-MIN($BC$2:$BC$921))*100,2)) -> 50 | AU35: =IF(MAX($BE$2:$BE$921)=MIN($BE$2:$BE$921),50,ROUND((BE35-MIN($BE$2:$BE$921))/(MAX($BE$2:$BE$921)-MIN($BE$2:$BE$921))*100,2)) -> 100 | AV35: =IF(MAX($AD$2:$AD$921)=MIN($AD$2:$AD$921),50,ROUND((AD35-MIN($AD$2:$AD$921))/(MAX($AD$2:$AD$921)-MIN($AD$2:$AD$921))*100,2)) -> 30.42 | AW35: =IF(MAX($AN$2:$AN$921)=MIN($AN$2:$AN$921),50,ROUND((AN35-MIN($AN$2:$AN$921))/(MAX($AN$2:$AN$921)-MIN($AN$2:$AN$921))*100,2)) -> 100 | AX35: =AQ35*100 -> 0 | AY35: =AR35*100 -> 100 | AZ35: =IFERROR(ROUND(AS35*Assumptions!$I$6+AW35*Assumptions!$I$7+AT35*Assumptions!$I$8+AU35*Assumptions!$I$9+AV35*Assumptions!$I$10+AX35*Assumptions!$I$11+AY35*Assumptions!$I$12,2),"") -> 80.54 | BA35: =IF(AZ35="","",IF(AZ35<=Assumptions!$I$18,"Below Expectation",IF(AZ35<=Assumptions!$I$19,"Developing",IF(AZ35<=Assumptions!$I$20,"Meets Expectation",IF(AZ35<=Assumptions!$I$21,"Exceeds","Star Performer"))))) -> Exceeds | BB35: =IF(AZ35="",0,IF(AZ35>=Assumptions!$I$26,1,0)) -> 1 | BC35: =IF(AL35="",2,AL35+2) -> 2 | BD35: =IF(AM35="",ROUND(AVERAGE($AM$2:$AM$921),3),AM35) -> 0 | BE35: =1-BD35 -> 1
A36: 139 | B36: 10044800 | C36: Enterprise Application Management | D36: Ms. Kirtika Khator | E36: E&M IT Audit, Risk & Assurance | F36: Team Lead -Architecture | G36: 24281723 | H36: Team Lead Architecture | I36: Bharat Bhushan | J36: Mr. Hemant Jain | K36: Marrd. | L36: 41834 | M36: 38.11 | N36: 31962 | O36: General Manager | P36: General Manager | Q36: 11.10 | R36: 3.9 | S36: 15.7 | T36: 43009 | V36: A* | W36: A* | X36: A* | Y36: A* | Z36: A* | AA36: CS-Company Secretary-2011(FT),CA-CA-2010(FT) | AB36: =IFERROR(VALUE(R36),0) -> 3.9 | AC36: =IFERROR(VALUE(M36),"") -> 38.11 | AD36: =IFERROR(VALUE(Q36),"") -> 11.1 | AE36: =IFERROR(VALUE(S36),"") -> 15.7 | AF36: =IF(V36="","",VLOOKUP(V36,Assumptions!$B$6:$C$9,2,FALSE())) -> 4 | AG36: =IF(W36="","",VLOOKUP(W36,Assumptions!$B$6:$C$9,2,FALSE())) -> 4 | AH36: =IF(X36="","",VLOOKUP(X36,Assumptions!$B$6:$C$9,2,FALSE())) -> 4 | AI36: =IF(Y36="","",VLOOKUP(Y36,Assumptions!$B$6:$C$9,2,FALSE())) -> 4 | AJ36: =IF(Z36="","",VLOOKUP(Z36,Assumptions!$B$6:$C$9,2,FALSE())) -> 4 | AK36: =IFERROR(ROUND(AVERAGE(AF36:AJ36),3),"") -> 4 | AL36: =IF(OR(AF36="",AJ36=""),"",AJ36-AF36) -> 0 | AM36: =IF(COUNT(AF36:AJ36)>=2,ROUND(_xlfn.STDEV.S(AF36:AJ36),3),"") -> 0 | AN36: =ROUND((IF(AF36="",0,AF36)*Assumptions!$F$15)+(IF(AG36="",0,AG36)*Assumptions!$F$16)+(IF(AH36="",0,AH36)*Assumptions!$F$17)+(IF(AI36="",0,AI36)*Assumptions!$F$18)+(IF(AJ36="",0,AJ36)*Assumptions!$F$19),3) -> 4 | AO36: =IF(AC36<=20,"",IF(AC36<=Assumptions!$F$6,"20-30",IF(AC36<=Assumptions!$F$7,"30-40",IF(AC36<=Assumptions!$F$8,"40-50",IF(AC36<=Assumptions!$F$9,"50-60",IF(AC36<=Assumptions!$F$10,"60+","")))))) -> 30-40 | AP36: =IFERROR(VLOOKUP(O36,Assumptions!$B$14:$C$26,2,FALSE()),"Other") -> Manager | AQ36: =IF(T36="",0,1) -> 1 | AR36: =IF(U36="",0,1) -> 0 | AS36: =IF(AK36="","",IF(MAX($AK$2:$AK$921)=MIN($AK$2:$AK$921),50,ROUND((AK36-MIN($AK$2:$AK$921))/(MAX($AK$2:$AK$921)-MIN($AK$2:$AK$921))*100,2))) -> 100 | AT36: =IF(MAX($BC$2:$BC$921)=MIN($BC$2:$BC$921),50,ROUND((BC36-MIN($BC$2:$BC$921))/(MAX($BC$2:$BC$921)-MIN($BC$2:$BC$921))*100,2)) -> 50 | AU36: =IF(MAX($BE$2:$BE$921)=MIN($BE$2:$BE$921),50,ROUND((BE36-MIN($BE$2:$BE$921))/(MAX($BE$2:$BE$921)-MIN($BE$2:$BE$921))*100,2)) -> 100 | AV36: =IF(MAX($AD$2:$AD$921)=MIN($AD$2:$AD$921),50,ROUND((AD36-MIN($AD$2:$AD$921))/(MAX($AD$2:$AD$921)-MIN($AD$2:$AD$921))*100,2)) -> 29.87 | AW36: =IF(MAX($AN$2:$AN$921)=MIN($AN$2:$AN$921),50,ROUND((AN36-MIN($AN$2:$AN$921))/(MAX($AN$2:$AN$921)-MIN($AN$2:$AN$921))*100,2)) -> 100 | AX36: =AQ36*100 -> 100 | AY36: =AR36*100 -> 0 | AZ36: =IFERROR(ROUND(AS36*Assumptions!$I$6+AW36*Assumptions!$I$7+AT36*Assumptions!$I$8+AU36*Assumptions!$I$9+AV36*Assumptions!$I$10+AX36*Assumptions!$I$11+AY36*Assumptions!$I$12,2),"") -> 80.49 | BA36: =IF(AZ36="","",IF(AZ36<=Assumptions!$I$18,"Below Expectation",IF(AZ36<=Assumptions!$I$19,"Developing",IF(AZ36<=Assumptions!$I$20,"Meets Expectation",IF(AZ36<=Assumptions!$I$21,"Exceeds","Star Performer"))))) -> Exceeds | BB36: =IF(AZ36="",0,IF(AZ36>=Assumptions!$I$26,1,0)) -> 1 | BC36: =IF(AL36="",2,AL36+2) -> 2 | BD36: =IF(AM36="",ROUND(AVERAGE($AM$2:$AM$921),3),AM36) -> 0 | BE36: =1-BD36 -> 1
A37: 69 | B37: 10021052 | C37: IT Infrastructure | D37: Mr. Sachin S. Vatsaraj | E37: Enterprise IDC & Cloud | F37: Lead IT Infrastructure | G37: 24281816 | H37: Lead IT Infrastructure | I37: Bharat Bhushan | J37: Ms. Sudeshna Das | K37: Marrd. | L37: 39204 | M37: 47.10 | N37: 28703 | O37: DGM | P37: Dy. General Manager | Q37: 19.1 | R37: 3.11 | S37: 23.0 | T37: 41000 | U37: 44470 | V37: A* | W37: A+ | X37: A* | Y37: A* | Z37: A* | AA37: MCM-Computer Management-2001(FT),BSc-Chemistry-1999(FT) | AB37: =IFERROR(VALUE(R37),0) -> 3.11 | AC37: =IFERROR(VALUE(M37),"") -> 47.1 | AD37: =IFERROR(VALUE(Q37),"") -> 19.1 | AE37: =IFERROR(VALUE(S37),"") -> 23 | AF37: =IF(V37="","",VLOOKUP(V37,Assumptions!$B$6:$C$9,2,FALSE())) -> 4 | AG37: =IF(W37="","",VLOOKUP(W37,Assumptions!$B$6:$C$9,2,FALSE())) -> 3 | AH37: =IF(X37="","",VLOOKUP(X37,Assumptions!$B$6:$C$9,2,FALSE())) -> 4 | AI37: =IF(Y37="","",VLOOKUP(Y37,Assumptions!$B$6:$C$9,2,FALSE())) -> 4 | AJ37: =IF(Z37="","",VLOOKUP(Z37,Assumptions!$B$6:$C$9,2,FALSE())) -> 4 | AK37: =IFERROR(ROUND(AVERAGE(AF37:AJ37),3),"") -> 3.8 | AL37: =IF(OR(AF37="",AJ37=""),"",AJ37-AF37) -> 0 | AM37: =IF(COUNT(AF37:AJ37)>=2,ROUND(_xlfn.STDEV.S(AF37:AJ37),3),"") -> 0.447 | AN37: =ROUND((IF(AF37="",0,AF37)*Assumptions!$F$15)+(IF(AG37="",0,AG37)*Assumptions!$F$16)+(IF(AH37="",0,AH37)*Assumptions!$F$17)+(IF(AI37="",0,AI37)*Assumptions!$F$18)+(IF(AJ37="",0,AJ37)*Assumptions!$F$19),3) -> 3.85 | AO37: =IF(AC37<=20,"",IF(AC37<=Assumptions!$F$6,"20-30",IF(AC37<=Assumptions!$F$7,"30-40",IF(AC37<=Assumptions!$F$8,"40-50",IF(AC37<=Assumptions!$F$9,"50-60",IF(AC37<=Assumptions!$F$10,"60+","")))))) -> 40-50 | AP37: =IFERROR(VLOOKUP(O37,Assumptions!$B$14:$C$26,2,FALSE()),"Other") -> Manager | AQ37: =IF(T37="",0,1) -> 1 | AR37: =IF(U37="",0,1) -> 1 | AS37: =IF(AK37="","",IF(MAX($AK$2:$AK$921)=MIN($AK$2:$AK$921),50,ROUND((AK37-MIN($AK$2:$AK$921))/(MAX($AK$2:$AK$921)-MIN($AK$2:$AK$921))*100,2))) -> 91.43 | AT37: =IF(MAX($BC$2:$BC$921)=MIN($BC$2:$BC$921),50,ROUND((BC37-MIN($BC$2:$BC$921))/(MAX($BC$2:$BC$921)-MIN($BC$2:$BC$921))*100,2)) -> 50 | AU37: =IF(MAX($BE$2:$BE$921)=MIN($BE$2:$BE$921),50,ROUND((BE37-MIN($BE$2:$BE$921))/(MAX($BE$2:$BE$921)-MIN($BE$2:$BE$921))*100,2)) -> 74.19 | AV37: =IF(MAX($AD$2:$AD$921)=MIN($AD$2:$AD$921),50,ROUND((AD37-MIN($AD$2:$AD$921))/(MAX($AD$2:$AD$921)-MIN($AD$2:$AD$921))*100,2)) -> 51.62 | AW37: =IF(MAX($AN$2:$AN$921)=MIN($AN$2:$AN$921),50,ROUND((AN37-MIN($AN$2:$AN$921))/(MAX($AN$2:$AN$921)-MIN($AN$2:$AN$921))*100,2)) -> 96.25 | AX37: =AQ37*100 -> 100 | AY37: =AR37*100 -> 100 | AZ37: =IFERROR(ROUND(AS37*Assumptions!$I$6+AW37*Assumptions!$I$7+AT37*Assumptions!$I$8+AU37*Assumptions!$I$9+AV37*Assumptions!$I$10+AX37*Assumptions!$I$11+AY37*Assumptions!$I$12,2),"") -> 80.47 | BA37: =IF(AZ37="","",IF(AZ37<=Assumptions!$I$18,"Below Expectation",IF(AZ37<=Assumptions!$I$19,"Developing",IF(AZ37<=Assumptions!$I$20,"Meets Expectation",IF(AZ37<=Assumptions!$I$21,"Exceeds","Star Performer"))))) -> Exceeds | BB37: =IF(AZ37="",0,IF(AZ37>=Assumptions!$I$26,1,0)) -> 1 | BC37: =IF(AL37="",2,AL37+2) -> 2 | BD37: =IF(AM37="",ROUND(AVERAGE($AM$2:$AM$921),3),AM37) -> 0.447 | BE37: =1-BD37 -> 0.553
A38: 335 | B38: 30502255 | C38: Enterprise Application Management | D38: Mr. Jitendra Samsani | E38: E&M IT Petchem | F38: Senior Business Analyst | G38: 24281833 | H38: Senior Business Analyst | I38: Bharat Bhushan | J38: Mr. Hemant Jain | K38: Marrd. | L38: 39072 | M38: 46.7 | N38: 29153 | O38: Sr.Manager | P38: Sr. Manager | Q38: 19.5 | R38: 4.6 | S38: 23.11 | T38: 42309 | U38: 44652 | V38: A+ | W38: A+ | X38: A* | Y38: A* | Z38: A* | AA38: BCom-Commerce-2005(FT) | AB38: =IFERROR(VALUE(R38),0) -> 4.6 | AC38: =IFERROR(VALUE(M38),"") -> 46.7 | AD38: =IFERROR(VALUE(Q38),"") -> 19.5 | AE38: =IFERROR(VALUE(S38),"") -> 23.11 | AF38: =IF(V38="","",VLOOKUP(V38,Assumptions!$B$6:$C$9,2,FALSE())) -> 3 | AG38: =IF(W38="","",VLOOKUP(W38,Assumptions!$B$6:$C$9,2,FALSE())) -> 3 | AH38: =IF(X38="","",VLOOKUP(X38,Assumptions!$B$6:$C$9,2,FALSE())) -> 4 | AI38: =IF(Y38="","",VLOOKUP(Y38,Assumptions!$B$6:$C$9,2,FALSE())) -> 4 | AJ38: =IF(Z38="","",VLOOKUP(Z38,Assumptions!$B$6:$C$9,2,FALSE())) -> 4 | AK38: =IFERROR(ROUND(AVERAGE(AF38:AJ38),3),"") -> 3.6 | AL38: =IF(OR(AF38="",AJ38=""),"",AJ38-AF38) -> 1 | AM38: =IF(COUNT(AF38:AJ38)>=2,ROUND(_xlfn.STDEV.S(AF38:AJ38),3),"") -> 0.548 | AN38: =ROUND((IF(AF38="",0,AF38)*Assumptions!$F$15)+(IF(AG38="",0,AG38)*Assumptions!$F$16)+(IF(AH38="",0,AH38)*Assumptions!$F$17)+(IF(AI38="",0,AI38)*Assumptions!$F$18)+(IF(AJ38="",0,AJ38)*Assumptions!$F$19),3) -> 3.75 | AO38: =IF(AC38<=20,"",IF(AC38<=Assumptions!$F$6,"20-30",IF(AC38<=Assumptions!$F$7,"30-40",IF(AC38<=Assumptions!$F$8,"40-50",IF(AC38<=Assumptions!$F$9,"50-60",IF(AC38<=Assumptions!$F$10,"60+","")))))) -> 40-50 | AP38: =IFERROR(VLOOKUP(O38,Assumptions!$B$14:$C$26,2,FALSE()),"Other") -> Manager | AQ38: =IF(T38="",0,1) -> 1 | AR38: =IF(U38="",0,1) -> 1 | AS38: =IF(AK38="","",IF(MAX($AK$2:$AK$921)=MIN($AK$2:$AK$921),50,ROUND((AK38-MIN($AK$2:$AK$921))/(MAX($AK$2:$AK$921)-MIN($AK$2:$AK$921))*100,2))) -> 82.85 | AT38: =IF(MAX($BC$2:$BC$921)=MIN($BC$2:$BC$921),50,ROUND((BC38-MIN($BC$2:$BC$921))/(MAX($BC$2:$BC$921)-MIN($BC$2:$BC$921))*100,2)) -> 75 | AU38: =IF(MAX($BE$2:$BE$921)=MIN($BE$2:$BE$921),50,ROUND((BE38-MIN($BE$2:$BE$921))/(MAX($BE$2:$BE$921)-MIN($BE$2:$BE$921))*100,2)) -> 68.36 | AV38: =IF(MAX($AD$2:$AD$921)=MIN($AD$2:$AD$921),50,ROUND((AD38-MIN($AD$2:$AD$921))/(MAX($AD$2:$AD$921)-MIN($AD$2:$AD$921))*100,2)) -> 52.7 | AW38: =IF(MAX($AN$2:$AN$921)=MIN($AN$2:$AN$921),50,ROUND((AN38-MIN($AN$2:$AN$921))/(MAX($AN$2:$AN$921)-MIN($AN$2:$AN$921))*100,2)) -> 93.75 | AX38: =AQ38*100 -> 100 | AY38: =AR38*100 -> 100 | AZ38: =IFERROR(ROUND(AS38*Assumptions!$I$6+AW38*Assumptions!$I$7+AT38*Assumptions!$I$8+AU38*Assumptions!$I$9+AV38*Assumptions!$I$10+AX38*Assumptions!$I$11+AY38*Assumptions!$I$12,2),"") -> 80.38 | BA38: =IF(AZ38="","",IF(AZ38<=Assumptions!$I$18,"Below Expectation",IF(AZ38<=Assumptions!$I$19,"Developing",IF(AZ38<=Assumptions!$I$20,"Meets Expectation",IF(AZ38<=Assumptions!$I$21,"Exceeds","Star Performer"))))) -> Exceeds | BB38: =IF(AZ38="",0,IF(AZ38>=Assumptions!$I$26,1,0)) -> 1 | BC38: =IF(AL38="",2,AL38+2) -> 3 | BD38: =IF(AM38="",ROUND(AVERAGE($AM$2:$AM$921),3),AM38) -> 0.548 | BE38: =1-BD38 -> 0.452
A39: 450 | B39: 55013243 | C39: JioCX | D39: Ms. Pratiksha Mokal | E39: JioCX Engineering | F39: QA Engineer JioCX | G39: 24281806 | H39: QA Engineer | I39: Bharat Bhushan | J39: Ms. Arya Khamparia | K39: Marrd. | L39: 42311 | M39: 32.6 | N39: 34305 | O39: Sr.Manager | P39: Sr. Manager | Q39: 10.7 | R39: . | S39: 10.7 | U39: 45992 | V39: A* | W39: A* | X39: A* | Y39: A* | Z39: A* | AA39: BE--2015 | AB39: =IFERROR(VALUE(R39),0) -> 0 | AC39: =IFERROR(VALUE(M39),"") -> 32.6 | AD39: =IFERROR(VALUE(Q39),"") -> 10.7 | AE39: =IFERROR(VALUE(S39),"") -> 10.7 | AF39: =IF(V39="","",VLOOKUP(V39,Assumptions!$B$6:$C$9,2,FALSE())) -> 4 | AG39: =IF(W39="","",VLOOKUP(W39,Assumptions!$B$6:$C$9,2,FALSE())) -> 4 | AH39: =IF(X39="","",VLOOKUP(X39,Assumptions!$B$6:$C$9,2,FALSE())) -> 4 | AI39: =IF(Y39="","",VLOOKUP(Y39,Assumptions!$B$6:$C$9,2,FALSE())) -> 4 | AJ39: =IF(Z39="","",VLOOKUP(Z39,Assumptions!$B$6:$C$9,2,FALSE())) -> 4 | AK39: =IFERROR(ROUND(AVERAGE(AF39:AJ39),3),"") -> 4 | AL39: =IF(OR(AF39="",AJ39=""),"",AJ39-AF39) -> 0 | AM39: =IF(COUNT(AF39:AJ39)>=2,ROUND(_xlfn.STDEV.S(AF39:AJ39),3),"") -> 0 | AN39: =ROUND((IF(AF39="",0,AF39)*Assumptions!$F$15)+(IF(AG39="",0,AG39)*Assumptions!$F$16)+(IF(AH39="",0,AH39)*Assumptions!$F$17)+(IF(AI39="",0,AI39)*Assumptions!$F$18)+(IF(AJ39="",0,AJ39)*Assumptions!$F$19),3) -> 4 | AO39: =IF(AC39<=20,"",IF(AC39<=Assumptions!$F$6,"20-30",IF(AC39<=Assumptions!$F$7,"30-40",IF(AC39<=Assumptions!$F$8,"40-50",IF(AC39<=Assumptions!$F$9,"50-60",IF(AC39<=Assumptions!$F$10,"60+","")))))) -> 30-40 | AP39: =IFERROR(VLOOKUP(O39,Assumptions!$B$14:$C$26,2,FALSE()),"Other") -> Manager | AQ39: =IF(T39="",0,1) -> 0 | AR39: =IF(U39="",0,1) -> 1 | AS39: =IF(AK39="","",IF(MAX($AK$2:$AK$921)=MIN($AK$2:$AK$921),50,ROUND((AK39-MIN($AK$2:$AK$921))/(MAX($AK$2:$AK$921)-MIN($AK$2:$AK$921))*100,2))) -> 100 | AT39: =IF(MAX($BC$2:$BC$921)=MIN($BC$2:$BC$921),50,ROUND((BC39-MIN($BC$2:$BC$921))/(MAX($BC$2:$BC$921)-MIN($BC$2:$BC$921))*100,2)) -> 50 | AU39: =IF(MAX($BE$2:$BE$921)=MIN($BE$2:$BE$921),50,ROUND((BE39-MIN($BE$2:$BE$921))/(MAX($BE$2:$BE$921)-MIN($BE$2:$BE$921))*100,2)) -> 100 | AV39: =IF(MAX($AD$2:$AD$921)=MIN($AD$2:$AD$921),50,ROUND((AD39-MIN($AD$2:$AD$921))/(MAX($AD$2:$AD$921)-MIN($AD$2:$AD$921))*100,2)) -> 28.78 | AW39: =IF(MAX($AN$2:$AN$921)=MIN($AN$2:$AN$921),50,ROUND((AN39-MIN($AN$2:$AN$921))/(MAX($AN$2:$AN$921)-MIN($AN$2:$AN$921))*100,2)) -> 100 | AX39: =AQ39*100 -> 0 | AY39: =AR39*100 -> 100 | AZ39: =IFERROR(ROUND(AS39*Assumptions!$I$6+AW39*Assumptions!$I$7+AT39*Assumptions!$I$8+AU39*Assumptions!$I$9+AV39*Assumptions!$I$10+AX39*Assumptions!$I$11+AY39*Assumptions!$I$12,2),"") -> 80.38 | BA39: =IF(AZ39="","",IF(AZ39<=Assumptions!$I$18,"Below Expectation",IF(AZ39<=Assumptions!$I$19,"Developing",IF(AZ39<=Assumptions!$I$20,"Meets Expectation",IF(AZ39<=Assumptions!$I$21,"Exceeds","Star Performer"))))) -> Exceeds | BB39: =IF(AZ39="",0,IF(AZ39>=Assumptions!$I$26,1,0)) -> 1 | BC39: =IF(AL39="",2,AL39+2) -> 2 | BD39: =IF(AM39="",ROUND(AVERAGE($AM$2:$AM$921),3),AM39) -> 0 | BE39: =1-BD39 -> 1
A40: 451 | B40: 55014690 | C40: JioCX | D40: Ms. Pranali Salvi | E40: JioCX Engineering | F40: QA Engineer JioCX | G40: 24281805 | H40: Junior QA Engineer | I40: Bharat Bhushan | J40: Ms. Arya Khamparia | K40: Marrd. | L40: 42352 | M40: 36.9 | N40: 32754 | O40: Manager | P40: Manager | Q40: 10.5 | R40: 1.1 | S40: 11.6 | U40: 45992 | V40: A* | W40: A* | X40: A* | Y40: A* | Z40: A* | AA40: MCA-Computer Applications-2014(FT),MCA-Computer Science Engg.-2014(FT),BSc-Computer Science Engg.-2010(FT) | AB40: =IFERROR(VALUE(R40),0) -> 1.1 | AC40: =IFERROR(VALUE(M40),"") -> 36.9 | AD40: =IFERROR(VALUE(Q40),"") -> 10.5 | AE40: =IFERROR(VALUE(S40),"") -> 11.6 | AF40: =IF(V40="","",VLOOKUP(V40,Assumptions!$B$6:$C$9,2,FALSE())) -> 4 | AG40: =IF(W40="","",VLOOKUP(W40,Assumptions!$B$6:$C$9,2,FALSE())) -> 4 | AH40: =IF(X40="","",VLOOKUP(X40,Assumptions!$B$6:$C$9,2,FALSE())) -> 4 | AI40: =IF(Y40="","",VLOOKUP(Y40,Assumptions!$B$6:$C$9,2,FALSE())) -> 4 | AJ40: =IF(Z40="","",VLOOKUP(Z40,Assumptions!$B$6:$C$9,2,FALSE())) -> 4 | AK40: =IFERROR(ROUND(AVERAGE(AF40:AJ40),3),"") -> 4 | AL40: =IF(OR(AF40="",AJ40=""),"",AJ40-AF40) -> 0 | AM40: =IF(COUNT(AF40:AJ40)>=2,ROUND(_xlfn.STDEV.S(AF40:AJ40),3),"") -> 0 | AN40: =ROUND((IF(AF40="",0,AF40)*Assumptions!$F$15)+(IF(AG40="",0,AG40)*Assumptions!$F$16)+(IF(AH40="",0,AH40)*Assumptions!$F$17)+(IF(AI40="",0,AI40)*Assumptions!$F$18)+(IF(AJ40="",0,AJ40)*Assumptions!$F$19),3) -> 4 | AO40: =IF(AC40<=20,"",IF(AC40<=Assumptions!$F$6,"20-30",IF(AC40<=Assumptions!$F$7,"30-40",IF(AC40<=Assumptions!$F$8,"40-50",IF(AC40<=Assumptions!$F$9,"50-60",IF(AC40<=Assumptions!$F$10,"60+","")))))) -> 30-40 | AP40: =IFERROR(VLOOKUP(O40,Assumptions!$B$14:$C$26,2,FALSE()),"Other") -> Manager | AQ40: =IF(T40="",0,1) -> 0 | AR40: =IF(U40="",0,1) -> 1 | AS40: =IF(AK40="","",IF(MAX($AK$2:$AK$921)=MIN($AK$2:$AK$921),50,ROUND((AK40-MIN($AK$2:$AK$921))/(MAX($AK$2:$AK$921)-MIN($AK$2:$AK$921))*100,2))) -> 100 | AT40: =IF(MAX($BC$2:$BC$921)=MIN($BC$2:$BC$921),50,ROUND((BC40-MIN($BC$2:$BC$921))/(MAX($BC$2:$BC$921)-MIN($BC$2:$BC$921))*100,2)) -> 50 | AU40: =IF(MAX($BE$2:$BE$921)=MIN($BE$2:$BE$921),50,ROUND((BE40-MIN($BE$2:$BE$921))/(MAX($BE$2:$BE$921)-MIN($BE$2:$BE$921))*100,2)) -> 100 | AV40: =IF(MAX($AD$2:$AD$921)=MIN($AD$2:$AD$921),50,ROUND((AD40-MIN($AD$2:$AD$921))/(MAX($AD$2:$AD$921)-MIN($AD$2:$AD$921))*100,2)) -> 28.24 | AW40: =IF(MAX($AN$2:$AN$921)=MIN($AN$2:$AN$921),50,ROUND((AN40-MIN($AN$2:$AN$921))/(MAX($AN$2:$AN$921)-MIN($AN$2:$AN$921))*100,2)) -> 100 | AX40: =AQ40*100 -> 0 | AY40: =AR40*100 -> 100 | AZ40: =IFERROR(ROUND(AS40*Assumptions!$I$6+AW40*Assumptions!$I$7+AT40*Assumptions!$I$8+AU40*Assumptions!$I$9+AV40*Assumptions!$I$10+AX40*Assumptions!$I$11+AY40*Assumptions!$I$12,2),"") -> 80.32 | BA40: =IF(AZ40="","",IF(AZ40<=Assumptions!$I$18,"Below Expectation",IF(AZ40<=Assumptions!$I$19,"Developing",IF(AZ40<=Assumptions!$I$20,"Meets Expectation",IF(AZ40<=Assumptions!$I$21,"Exceeds","Star Performer"))))) -> Exceeds | BB40: =IF(AZ40="",0,IF(AZ40>=Assumptions!$I$26,1,0)) -> 1 | BC40: =IF(AL40="",2,AL40+2) -> 2 | BD40: =IF(AM40="",ROUND(AVERAGE($AM$2:$AM$921),3),AM40) -> 0 | BE40: =1-BD40 -> 1
A41: 172 | B41: 10053263 | C41: Enterprise Application Management | D41: Mr. Rajesh Sharma | E41: E&M IT Petchem | F41: Lead Project Management | G41: 24281740 | H41: Lead Project Management | I41: Bharat Bhushan | J41: Mr. Hemant Jain | K41: Marrd. | L41: 42436 | M41: 46.4 | N41: 29251 | O41: General Manager | P41: General Manager | Q41: 10.3 | R41: 12.4 | S41: 22.7 | U41: 46113 | V41: A* | W41: A* | X41: A* | Y41: A* | Z41: A* | AA41: MCA-Computer Applications-2009,PGD in Computer Science-Computer Science Engg.-2003(FT),BSc-Mathematics-2001(FT) | AB41: =IFERROR(VALUE(R41),0) -> 12.4 | AC41: =IFERROR(VALUE(M41),"") -> 46.4 | AD41: =IFERROR(VALUE(Q41),"") -> 10.3 | AE41: =IFERROR(VALUE(S41),"") -> 22.7 | AF41: =IF(V41="","",VLOOKUP(V41,Assumptions!$B$6:$C$9,2,FALSE())) -> 4 | AG41: =IF(W41="","",VLOOKUP(W41,Assumptions!$B$6:$C$9,2,FALSE())) -> 4 | AH41: =IF(X41="","",VLOOKUP(X41,Assumptions!$B$6:$C$9,2,FALSE())) -> 4 | AI41: =IF(Y41="","",VLOOKUP(Y41,Assumptions!$B$6:$C$9,2,FALSE())) -> 4 | AJ41: =IF(Z41="","",VLOOKUP(Z41,Assumptions!$B$6:$C$9,2,FALSE())) -> 4 | AK41: =IFERROR(ROUND(AVERAGE(AF41:AJ41),3),"") -> 4 | AL41: =IF(OR(AF41="",AJ41=""),"",AJ41-AF41) -> 0 | AM41: =IF(COUNT(AF41:AJ41)>=2,ROUND(_xlfn.STDEV.S(AF41:AJ41),3),"") -> 0 | AN41: =ROUND((IF(AF41="",0,AF41)*Assumptions!$F$15)+(IF(AG41="",0,AG41)*Assumptions!$F$16)+(IF(AH41="",0,AH41)*Assumptions!$F$17)+(IF(AI41="",0,AI41)*Assumptions!$F$18)+(IF(AJ41="",0,AJ41)*Assumptions!$F$19),3) -> 4 | AO41: =IF(AC41<=20,"",IF(AC41<=Assumptions!$F$6,"20-30",IF(AC41<=Assumptions!$F$7,"30-40",IF(AC41<=Assumptions!$F$8,"40-50",IF(AC41<=Assumptions!$F$9,"50-60",IF(AC41<=Assumptions!$F$10,"60+","")))))) -> 40-50 | AP41: =IFERROR(VLOOKUP(O41,Assumptions!$B$14:$C$26,2,FALSE()),"Other") -> Manager | AQ41: =IF(T41="",0,1) -> 0 | AR41: =IF(U41="",0,1) -> 1 | AS41: =IF(AK41="","",IF(MAX($AK$2:$AK$921)=MIN($AK$2:$AK$921),50,ROUND((AK41-MIN($AK$2:$AK$921))/(MAX($AK$2:$AK$921)-MIN($AK$2:$AK$921))*100,2))) -> 100 | AT41: =IF(MAX($BC$2:$BC$921)=MIN($BC$2:$BC$921),50,ROUND((BC41-MIN($BC$2:$BC$921))/(MAX($BC$2:$BC$921)-MIN($BC$2:$BC$921))*100,2)) -> 50 | AU41: =IF(MAX($BE$2:$BE$921)=MIN($BE$2:$BE$921),50,ROUND((BE41-MIN($BE$2:$BE$921))/(MAX($BE$2:$BE$921)-MIN($BE$2:$BE$921))*100,2)) -> 100 | AV41: =IF(MAX($AD$2:$AD$921)=MIN($AD$2:$AD$921),50,ROUND((AD41-MIN($AD$2:$AD$921))/(MAX($AD$2:$AD$921)-MIN($AD$2:$AD$921))*100,2)) -> 27.7 | AW41: =IF(MAX($AN$2:$AN$921)=MIN($AN$2:$AN$921),50,ROUND((AN41-MIN($AN$2:$AN$921))/(MAX($AN$2:$AN$921)-MIN($AN$2:$AN$921))*100,2)) -> 100 | AX41: =AQ41*100 -> 0 | AY41: =AR41*100 -> 100 | AZ41: =IFERROR(ROUND(AS41*Assumptions!$I$6+AW41*Assumptions!$I$7+AT41*Assumptions!$I$8+AU41*Assumptions!$I$9+AV41*Assumptions!$I$10+AX41*Assumptions!$I$11+AY41*Assumptions!$I$12,2),"") -> 80.27 | BA41: =IF(AZ41="","",IF(AZ41<=Assumptions!$I$18,"Below Expectation",IF(AZ41<=Assumptions!$I$19,"Developing",IF(AZ41<=Assumptions!$I$20,"Meets Expectation",IF(AZ41<=Assumptions!$I$21,"Exceeds","Star Performer"))))) -> Exceeds | BB41: =IF(AZ41="",0,IF(AZ41>=Assumptions!$I$26,1,0)) -> 1 | BC41: =IF(AL41="",2,AL41+2) -> 2 | BD41: =IF(AM41="",ROUND(AVERAGE($AM$2:$AM$921),3),AM41) -> 0 | BE41: =1-BD41 -> 1
A42: 174 | B42: 10053516 | C42: JioCX | D42: Mr. Nitin Sharma | E42: JioCX Engineering | F42: Sr. Software Developer JioCX | G42: 24281766 | H42: Senior Manager Software Development | I42: Bharat Bhushan | J42: Ms. Arya Khamparia | K42: Marrd. | L42: 42464 | M42: 42.9 | N42: 30551 | O42: DGM | P42: Dy. General Manager | Q42: 10.2 | R42: 5.4 | S42: 15.6 | U42: 45992 | V42: A* | W42: A* | X42: A* | Y42: A* | Z42: A* | AA42: MCA--2010,BSc--2006 | AB42: =IFERROR(VALUE(R42),0) -> 5.4 | AC42: =IFERROR(VALUE(M42),"") -> 42.9 | AD42: =IFERROR(VALUE(Q42),"") -> 10.2 | AE42: =IFERROR(VALUE(S42),"") -> 15.6 | AF42: =IF(V42="","",VLOOKUP(V42,Assumptions!$B$6:$C$9,2,FALSE())) -> 4 | AG42: =IF(W42="","",VLOOKUP(W42,Assumptions!$B$6:$C$9,2,FALSE())) -> 4 | AH42: =IF(X42="","",VLOOKUP(X42,Assumptions!$B$6:$C$9,2,FALSE())) -> 4 | AI42: =IF(Y42="","",VLOOKUP(Y42,Assumptions!$B$6:$C$9,2,FALSE())) -> 4 | AJ42: =IF(Z42="","",VLOOKUP(Z42,Assumptions!$B$6:$C$9,2,FALSE())) -> 4 | AK42: =IFERROR(ROUND(AVERAGE(AF42:AJ42),3),"") -> 4 | AL42: =IF(OR(AF42="",AJ42=""),"",AJ42-AF42) -> 0 | AM42: =IF(COUNT(AF42:AJ42)>=2,ROUND(_xlfn.STDEV.S(AF42:AJ42),3),"") -> 0 | AN42: =ROUND((IF(AF42="",0,AF42)*Assumptions!$F$15)+(IF(AG42="",0,AG42)*Assumptions!$F$16)+(IF(AH42="",0,AH42)*Assumptions!$F$17)+(IF(AI42="",0,AI42)*Assumptions!$F$18)+(IF(AJ42="",0,AJ42)*Assumptions!$F$19),3) -> 4 | AO42: =IF(AC42<=20,"",IF(AC42<=Assumptions!$F$6,"20-30",IF(AC42<=Assumptions!$F$7,"30-40",IF(AC42<=Assumptions!$F$8,"40-50",IF(AC42<=Assumptions!$F$9,"50-60",IF(AC42<=Assumptions!$F$10,"60+","")))))) -> 40-50 | AP42: =IFERROR(VLOOKUP(O42,Assumptions!$B$14:$C$26,2,FALSE()),"Other") -> Manager | AQ42: =IF(T42="",0,1) -> 0 | AR42: =IF(U42="",0,1) -> 1 | AS42: =IF(AK42="","",IF(MAX($AK$2:$AK$921)=MIN($AK$2:$AK$921),50,ROUND((AK42-MIN($AK$2:$AK$921))/(MAX($AK$2:$AK$921)-MIN($AK$2:$AK$921))*100,2))) -> 100 | AT42: =IF(MAX($BC$2:$BC$921)=MIN($BC$2:$BC$921),50,ROUND((BC42-MIN($BC$2:$BC$921))/(MAX($BC$2:$BC$921)-MIN($BC$2:$BC$921))*100,2)) -> 50 | AU42: =IF(MAX($BE$2:$BE$921)=MIN($BE$2:$BE$921),50,ROUND((BE42-MIN($BE$2:$BE$921))/(MAX($BE$2:$BE$921)-MIN($BE$2:$BE$921))*100,2)) -> 100 | AV42: =IF(MAX($AD$2:$AD$921)=MIN($AD$2:$AD$921),50,ROUND((AD42-MIN($AD$2:$AD$921))/(MAX($AD$2:$AD$921)-MIN($AD$2:$AD$921))*100,2)) -> 27.43 | AW42: =IF(MAX($AN$2:$AN$921)=MIN($AN$2:$AN$921),50,ROUND((AN42-MIN($AN$2:$AN$921))/(MAX($AN$2:$AN$921)-MIN($AN$2:$AN$921))*100,2)) -> 100 | AX42: =AQ42*100 -> 0 | AY42: =AR42*100 -> 100 | AZ42: =IFERROR(ROUND(AS42*Assumptions!$I$6+AW42*Assumptions!$I$7+AT42*Assumptions!$I$8+AU42*Assumptions!$I$9+AV42*Assumptions!$I$10+AX42*Assumptions!$I$11+AY42*Assumptions!$I$12,2),"") -> 80.24 | BA42: =IF(AZ42="","",IF(AZ42<=Assumptions!$I$18,"Below Expectation",IF(AZ42<=Assumptions!$I$19,"Developing",IF(AZ42<=Assumptions!$I$20,"Meets Expectation",IF(AZ42<=Assumptions!$I$21,"Exceeds","Star Performer"))))) -> Exceeds | BB42: =IF(AZ42="",0,IF(AZ42>=Assumptions!$I$26,1,0)) -> 1 | BC42: =IF(AL42="",2,AL42+2) -> 2 | BD42: =IF(AM42="",ROUND(AVERAGE($AM$2:$AM$921),3),AM42) -> 0 | BE42: =1-BD42 -> 1
A43: 162 | B43: 10050887 | C43: IT Infrastructure | D43: Ms. Priyanka Lohakare | E43: Service Management | F43: Senior Engineer IT Infrastructure | G43: 24281815 | H43: Senior Engineer IT Infrastructure | I43: Bharat Bhushan | J43: Ms. Sudeshna Das | K43: Sept'd | L43: 42205 | M43: 39.5 | N43: 31779 | O43: DGM | P43: Dy. General Manager | Q43: 10.10 | R43: 7.8 | S43: 18.6 | U43: 45748 | V43: A* | W43: A* | X43: A* | Y43: A* | Z43: A* | AA43: Certificate Course-Information Technology-2019(PT),Certificate Course-Information Technology-2017(PT),Certificate Course-Information Technology-2016(PT),BSc (Engg.)-Information Technology-2014(CO),Dip | AB43: =IFERROR(VALUE(R43),0) -> 7.8 | AC43: =IFERROR(VALUE(M43),"") -> 39.5 | AD43: =IFERROR(VALUE(Q43),"") -> 10.1 | AE43: =IFERROR(VALUE(S43),"") -> 18.6 | AF43: =IF(V43="","",VLOOKUP(V43,Assumptions!$B$6:$C$9,2,FALSE())) -> 4 | AG43: =IF(W43="","",VLOOKUP(W43,Assumptions!$B$6:$C$9,2,FALSE())) -> 4 | AH43: =IF(X43="","",VLOOKUP(X43,Assumptions!$B$6:$C$9,2,FALSE())) -> 4 | AI43: =IF(Y43="","",VLOOKUP(Y43,Assumptions!$B$6:$C$9,2,FALSE())) -> 4 | AJ43: =IF(Z43="","",VLOOKUP(Z43,Assumptions!$B$6:$C$9,2,FALSE())) -> 4 | AK43: =IFERROR(ROUND(AVERAGE(AF43:AJ43),3),"") -> 4 | AL43: =IF(OR(AF43="",AJ43=""),"",AJ43-AF43) -> 0 | AM43: =IF(COUNT(AF43:AJ43)>=2,ROUND(_xlfn.STDEV.S(AF43:AJ43),3),"") -> 0 | AN43: =ROUND((IF(AF43="",0,AF43)*Assumptions!$F$15)+(IF(AG43="",0,AG43)*Assumptions!$F$16)+(IF(AH43="",0,AH43)*Assumptions!$F$17)+(IF(AI43="",0,AI43)*Assumptions!$F$18)+(IF(AJ43="",0,AJ43)*Assumptions!$F$19),3) -> 4 | AO43: =IF(AC43<=20,"",IF(AC43<=Assumptions!$F$6,"20-30",IF(AC43<=Assumptions!$F$7,"30-40",IF(AC43<=Assumptions!$F$8,"40-50",IF(AC43<=Assumptions!$F$9,"50-60",IF(AC43<=Assumptions!$F$10,"60+","")))))) -> 30-40 | AP43: =IFERROR(VLOOKUP(O43,Assumptions!$B$14:$C$26,2,FALSE()),"Other") -> Manager | AQ43: =IF(T43="",0,1) -> 0 | AR43: =IF(U43="",0,1) -> 1 | AS43: =IF(AK43="","",IF(MAX($AK$2:$AK$921)=MIN($AK$2:$AK$921),50,ROUND((AK43-MIN($AK$2:$AK$921))/(MAX($AK$2:$AK$921)-MIN($AK$2:$AK$921))*100,2))) -> 100 | AT43: =IF(MAX($BC$2:$BC$921)=MIN($BC$2:$BC$921),50,ROUND((BC43-MIN($BC$2:$BC$921))/(MAX($BC$2:$BC$921)-MIN($BC$2:$BC$921))*100,2)) -> 50 | AU43: =IF(MAX($BE$2:$BE$921)=MIN($BE$2:$BE$921),50,ROUND((BE43-MIN($BE$2:$BE$921))/(MAX($BE$2:$BE$921)-MIN($BE$2:$BE$921))*100,2)) -> 100 | AV43: =IF(MAX($AD$2:$AD$921)=MIN($AD$2:$AD$921),50,ROUND((AD43-MIN($AD$2:$AD$921))/(MAX($AD$2:$AD$921)-MIN($AD$2:$AD$921))*100,2)) -> 27.15 | AW43: =IF(MAX($AN$2:$AN$921)=MIN($AN$2:$AN$921),50,ROUND((AN43-MIN($AN$2:$AN$921))/(MAX($AN$2:$AN$921)-MIN($AN$2:$AN$921))*100,2)) -> 100 | AX43: =AQ43*100 -> 0 | AY43: =AR43*100 -> 100 | AZ43: =IFERROR(ROUND(AS43*Assumptions!$I$6+AW43*Assumptions!$I$7+AT43*Assumptions!$I$8+AU43*Assumptions!$I$9+AV43*Assumptions!$I$10+AX43*Assumptions!$I$11+AY43*Assumptions!$I$12,2),"") -> 80.22 | BA43: =IF(AZ43="","",IF(AZ43<=Assumptions!$I$18,"Below Expectation",IF(AZ43<=Assumptions!$I$19,"Developing",IF(AZ43<=Assumptions!$I$20,"Meets Expectation",IF(AZ43<=Assumptions!$I$21,"Exceeds","Star Performer"))))) -> Exceeds | BB43: =IF(AZ43="",0,IF(AZ43>=Assumptions!$I$26,1,0)) -> 1 | BC43: =IF(AL43="",2,AL43+2) -> 2 | BD43: =IF(AM43="",ROUND(AVERAGE($AM$2:$AM$921),3),AM43) -> 0 | BE43: =1-BD43 -> 1
A44: 63 | B44: 10019853 | C44: JioCX | D44: Mr. Shrinivas Joshi | E44: JioCX Support Services | F44: Lead Project Manager JioCX | G44: 24281740 | H44: Lead Project Management | I44: Bharat Bhushan | J44: Ms. Arya Khamparia | K44: Marrd. | L44: 38250 | M44: 50.0 | N44: 27913 | O44: Asst. Vice President | P44: Assistant Vice President | Q44: 21.8 | R44: 10.1 | S44: 31.9 | U44: 44287 | V44: A+ | W44: A* | X44: A* | Y44: A* | Z44: A* | AA44: PGDBA-Business Administration-2010(CO),Diploma-Electronics & Comm. Engg-1994(FT) | AB44: =IFERROR(VALUE(R44),0) -> 10.1 | AC44: =IFERROR(VALUE(M44),"") -> 50 | AD44: =IFERROR(VALUE(Q44),"") -> 21.8 | AE44: =IFERROR(VALUE(S44),"") -> 31.9 | AF44: =IF(V44="","",VLOOKUP(V44,Assumptions!$B$6:$C$9,2,FALSE())) -> 3 | AG44: =IF(W44="","",VLOOKUP(W44,Assumptions!$B$6:$C$9,2,FALSE())) -> 4 | AH44: =IF(X44="","",VLOOKUP(X44,Assumptions!$B$6:$C$9,2,FALSE())) -> 4 | AI44: =IF(Y44="","",VLOOKUP(Y44,Assumptions!$B$6:$C$9,2,FALSE())) -> 4 | AJ44: =IF(Z44="","",VLOOKUP(Z44,Assumptions!$B$6:$C$9,2,FALSE())) -> 4 | AK44: =IFERROR(ROUND(AVERAGE(AF44:AJ44),3),"") -> 3.8 | AL44: =IF(OR(AF44="",AJ44=""),"",AJ44-AF44) -> 1 | AM44: =IF(COUNT(AF44:AJ44)>=2,ROUND(_xlfn.STDEV.S(AF44:AJ44),3),"") -> 0.447 | AN44: =ROUND((IF(AF44="",0,AF44)*Assumptions!$F$15)+(IF(AG44="",0,AG44)*Assumptions!$F$16)+(IF(AH44="",0,AH44)*Assumptions!$F$17)+(IF(AI44="",0,AI44)*Assumptions!$F$18)+(IF(AJ44="",0,AJ44)*Assumptions!$F$19),3) -> 3.9 | AO44: =IF(AC44<=20,"",IF(AC44<=Assumptions!$F$6,"20-30",IF(AC44<=Assumptions!$F$7,"30-40",IF(AC44<=Assumptions!$F$8,"40-50",IF(AC44<=Assumptions!$F$9,"50-60",IF(AC44<=Assumptions!$F$10,"60+","")))))) -> 40-50 | AP44: =IFERROR(VLOOKUP(O44,Assumptions!$B$14:$C$26,2,FALSE()),"Other") -> Leadership | AQ44: =IF(T44="",0,1) -> 0 | AR44: =IF(U44="",0,1) -> 1 | AS44: =IF(AK44="","",IF(MAX($AK$2:$AK$921)=MIN($AK$2:$AK$921),50,ROUND((AK44-MIN($AK$2:$AK$921))/(MAX($AK$2:$AK$921)-MIN($AK$2:$AK$921))*100,2))) -> 91.43 | AT44: =IF(MAX($BC$2:$BC$921)=MIN($BC$2:$BC$921),50,ROUND((BC44-MIN($BC$2:$BC$921))/(MAX($BC$2:$BC$921)-MIN($BC$2:$BC$921))*100,2)) -> 75 | AU44: =IF(MAX($BE$2:$BE$921)=MIN($BE$2:$BE$921),50,ROUND((BE44-MIN($BE$2:$BE$921))/(MAX($BE$2:$BE$921)-MIN($BE$2:$BE$921))*100,2)) -> 74.19 | AV44: =IF(MAX($AD$2:$AD$921)=MIN($AD$2:$AD$921),50,ROUND((AD44-MIN($AD$2:$AD$921))/(MAX($AD$2:$AD$921)-MIN($AD$2:$AD$921))*100,2)) -> 58.96 | AW44: =IF(MAX($AN$2:$AN$921)=MIN($AN$2:$AN$921),50,ROUND((AN44-MIN($AN$2:$AN$921))/(MAX($AN$2:$AN$921)-MIN($AN$2:$AN$921))*100,2)) -> 97.5 | AX44: =AQ44*100 -> 0 | AY44: =AR44*100 -> 100 | AZ44: =IFERROR(ROUND(AS44*Assumptions!$I$6+AW44*Assumptions!$I$7+AT44*Assumptions!$I$8+AU44*Assumptions!$I$9+AV44*Assumptions!$I$10+AX44*Assumptions!$I$11+AY44*Assumptions!$I$12,2),"") -> 80.2 | BA44: =IF(AZ44="","",IF(AZ44<=Assumptions!$I$18,"Below Expectation",IF(AZ44<=Assumptions!$I$19,"Developing",IF(AZ44<=Assumptions!$I$20,"Meets Expectation",IF(AZ44<=Assumptions!$I$21,"Exceeds","Star Performer"))))) -> Exceeds | BB44: =IF(AZ44="",0,IF(AZ44>=Assumptions!$I$26,1,0)) -> 1 | BC44: =IF(AL44="",2,AL44+2) -> 3 | BD44: =IF(AM44="",ROUND(AVERAGE($AM$2:$AM$921),3),AM44) -> 0.447 | BE44: =1-BD44 -> 0.553
A45: 181 | B45: 10053990 | C45: Enterprise Application Management | D45: Ms. Aashika Agarwal | E45: E&M IT Material & Service Commitment | F45: Lead -Software Development | G45: 24281767 | H45: Lead Software Development | I45: Bharat Bhushan | J45: Mr. Hemant Jain | K45: Single | L45: 42513 | M45: 39.3 | N45: 31834 | O45: General Manager | P45: General Manager | Q45: 10 | R45: 5.9 | S45: 15.9 | U45: 46113 | V45: A* | W45: A* | X45: A* | Y45: A* | Z45: A* | AA45: BTech-Others-2010(FT) | AB45: =IFERROR(VALUE(R45),0) -> 5.9 | AC45: =IFERROR(VALUE(M45),"") -> 39.3 | AD45: =IFERROR(VALUE(Q45),"") -> 10 | AE45: =IFERROR(VALUE(S45),"") -> 15.9 | AF45: =IF(V45="","",VLOOKUP(V45,Assumptions!$B$6:$C$9,2,FALSE())) -> 4 | AG45: =IF(W45="","",VLOOKUP(W45,Assumptions!$B$6:$C$9,2,FALSE())) -> 4 | AH45: =IF(X45="","",VLOOKUP(X45,Assumptions!$B$6:$C$9,2,FALSE())) -> 4 | AI45: =IF(Y45="","",VLOOKUP(Y45,Assumptions!$B$6:$C$9,2,FALSE())) -> 4 | AJ45: =IF(Z45="","",VLOOKUP(Z45,Assumptions!$B$6:$C$9,2,FALSE())) -> 4 | AK45: =IFERROR(ROUND(AVERAGE(AF45:AJ45),3),"") -> 4 | AL45: =IF(OR(AF45="",AJ45=""),"",AJ45-AF45) -> 0 | AM45: =IF(COUNT(AF45:AJ45)>=2,ROUND(_xlfn.STDEV.S(AF45:AJ45),3),"") -> 0 | AN45: =ROUND((IF(AF45="",0,AF45)*Assumptions!$F$15)+(IF(AG45="",0,AG45)*Assumptions!$F$16)+(IF(AH45="",0,AH45)*Assumptions!$F$17)+(IF(AI45="",0,AI45)*Assumptions!$F$18)+(IF(AJ45="",0,AJ45)*Assumptions!$F$19),3) -> 4 | AO45: =IF(AC45<=20,"",IF(AC45<=Assumptions!$F$6,"20-30",IF(AC45<=Assumptions!$F$7,"30-40",IF(AC45<=Assumptions!$F$8,"40-50",IF(AC45<=Assumptions!$F$9,"50-60",IF(AC45<=Assumptions!$F$10,"60+","")))))) -> 30-40 | AP45: =IFERROR(VLOOKUP(O45,Assumptions!$B$14:$C$26,2,FALSE()),"Other") -> Manager | AQ45: =IF(T45="",0,1) -> 0 | AR45: =IF(U45="",0,1) -> 1 | AS45: =IF(AK45="","",IF(MAX($AK$2:$AK$921)=MIN($AK$2:$AK$921),50,ROUND((AK45-MIN($AK$2:$AK$921))/(MAX($AK$2:$AK$921)-MIN($AK$2:$AK$921))*100,2))) -> 100 | AT45: =IF(MAX($BC$2:$BC$921)=MIN($BC$2:$BC$921),50,ROUND((BC45-MIN($BC$2:$BC$921))/(MAX($BC$2:$BC$921)-MIN($BC$2:$BC$921))*100,2)) -> 50 | AU45: =IF(MAX($BE$2:$BE$921)=MIN($BE$2:$BE$921),50,ROUND((BE45-MIN($BE$2:$BE$921))/(MAX($BE$2:$BE$921)-MIN($BE$2:$BE$921))*100,2)) -> 100 | AV45: =IF(MAX($AD$2:$AD$921)=MIN($AD$2:$AD$921),50,ROUND((AD45-MIN($AD$2:$AD$921))/(MAX($AD$2:$AD$921)-MIN($AD$2:$AD$921))*100,2)) -> 26.88 | AW45: =IF(MAX($AN$2:$AN$921)=MIN($AN$2:$AN$921),50,ROUND((AN45-MIN($AN$2:$AN$921))/(MAX($AN$2:$AN$921)-MIN($AN$2:$AN$921))*100,2)) -> 100 | AX45: =AQ45*100 -> 0 | AY45: =AR45*100 -> 100 | AZ45: =IFERROR(ROUND(AS45*Assumptions!$I$6+AW45*Assumptions!$I$7+AT45*Assumptions!$I$8+AU45*Assumptions!$I$9+AV45*Assumptions!$I$10+AX45*Assumptions!$I$11+AY45*Assumptions!$I$12,2),"") -> 80.19 | BA45: =IF(AZ45="","",IF(AZ45<=Assumptions!$I$18,"Below Expectation",IF(AZ45<=Assumptions!$I$19,"Developing",IF(AZ45<=Assumptions!$I$20,"Meets Expectation",IF(AZ45<=Assumptions!$I$21,"Exceeds","Star Performer"))))) -> Exceeds | BB45: =IF(AZ45="",0,IF(AZ45>=Assumptions!$I$26,1,0)) -> 1 | BC45: =IF(AL45="",2,AL45+2) -> 2 | BD45: =IF(AM45="",ROUND(AVERAGE($AM$2:$AM$921),3),AM45) -> 0 | BE45: =1-BD45 -> 1
A46: 82 | B46: 10025259 | C46: JioCX | D46: Mr. Girish Chavan | E46: JioCX Support Services | F46: Lead Product Manager JioCX | G46: 24281856 | H46: Lead Product Management | I46: Bharat Bhushan | J46: Ms. Arya Khamparia | K46: Marrd. | L46: 39391 | M46: 43.5 | N46: 30305 | O46: General Manager | P46: General Manager | Q46: 18.7 | R46: 2.6 | S46: 21.1 | T46: 42095 | U46: 45992 | V46: A+ | W46: A+ | X46: A* | Y46: A* | Z46: A* | AA46: PGDBA-Business Administration-2016(CO),Diploma - Engineering-Computer Engg-2004(FT),HSC/Intermediate/Pre-University-Science-2000(FT),SSC/XTH STD/SSLC-Social Science-1998(FT) | AB46: =IFERROR(VALUE(R46),0) -> 2.6 | AC46: =IFERROR(VALUE(M46),"") -> 43.5 | AD46: =IFERROR(VALUE(Q46),"") -> 18.7 | AE46: =IFERROR(VALUE(S46),"") -> 21.1 | AF46: =IF(V46="","",VLOOKUP(V46,Assumptions!$B$6:$C$9,2,FALSE())) -> 3 | AG46: =IF(W46="","",VLOOKUP(W46,Assumptions!$B$6:$C$9,2,FALSE())) -> 3 | AH46: =IF(X46="","",VLOOKUP(X46,Assumptions!$B$6:$C$9,2,FALSE())) -> 4 | AI46: =IF(Y46="","",VLOOKUP(Y46,Assumptions!$B$6:$C$9,2,FALSE())) -> 4 | AJ46: =IF(Z46="","",VLOOKUP(Z46,Assumptions!$B$6:$C$9,2,FALSE())) -> 4 | AK46: =IFERROR(ROUND(AVERAGE(AF46:AJ46),3),"") -> 3.6 | AL46: =IF(OR(AF46="",AJ46=""),"",AJ46-AF46) -> 1 | AM46: =IF(COUNT(AF46:AJ46)>=2,ROUND(_xlfn.STDEV.S(AF46:AJ46),3),"") -> 0.548 | AN46: =ROUND((IF(AF46="",0,AF46)*Assumptions!$F$15)+(IF(AG46="",0,AG46)*Assumptions!$F$16)+(IF(AH46="",0,AH46)*Assumptions!$F$17)+(IF(AI46="",0,AI46)*Assumptions!$F$18)+(IF(AJ46="",0,AJ46)*Assumptions!$F$19),3) -> 3.75 | AO46: =IF(AC46<=20,"",IF(AC46<=Assumptions!$F$6,"20-30",IF(AC46<=Assumptions!$F$7,"30-40",IF(AC46<=Assumptions!$F$8,"40-50",IF(AC46<=Assumptions!$F$9,"50-60",IF(AC46<=Assumptions!$F$10,"60+","")))))) -> 40-50 | AP46: =IFERROR(VLOOKUP(O46,Assumptions!$B$14:$C$26,2,FALSE()),"Other") -> Manager | AQ46: =IF(T46="",0,1) -> 1 | AR46: =IF(U46="",0,1) -> 1 | AS46: =IF(AK46="","",IF(MAX($AK$2:$AK$921)=MIN($AK$2:$AK$921),50,ROUND((AK46-MIN($AK$2:$AK$921))/(MAX($AK$2:$AK$921)-MIN($AK$2:$AK$921))*100,2))) -> 82.85 | AT46: =IF(MAX($BC$2:$BC$921)=MIN($BC$2:$BC$921),50,ROUND((BC46-MIN($BC$2:$BC$921))/(MAX($BC$2:$BC$921)-MIN($BC$2:$BC$921))*100,2)) -> 75 | AU46: =IF(MAX($BE$2:$BE$921)=MIN($BE$2:$BE$921),50,ROUND((BE46-MIN($BE$2:$BE$921))/(MAX($BE$2:$BE$921)-MIN($BE$2:$BE$921))*100,2)) -> 68.36 | AV46: =IF(MAX($AD$2:$AD$921)=MIN($AD$2:$AD$921),50,ROUND((AD46-MIN($AD$2:$AD$921))/(MAX($AD$2:$AD$921)-MIN($AD$2:$AD$921))*100,2)) -> 50.53 | AW46: =IF(MAX($AN$2:$AN$921)=MIN($AN$2:$AN$921),50,ROUND((AN46-MIN($AN$2:$AN$921))/(MAX($AN$2:$AN$921)-MIN($AN$2:$AN$921))*100,2)) -> 93.75 | AX46: =AQ46*100 -> 100 | AY46: =AR46*100 -> 100 | AZ46: =IFERROR(ROUND(AS46*Assumptions!$I$6+AW46*Assumptions!$I$7+AT46*Assumptions!$I$8+AU46*Assumptions!$I$9+AV46*Assumptions!$I$10+AX46*Assumptions!$I$11+AY46*Assumptions!$I$12,2),"") -> 80.16 | BA46: =IF(AZ46="","",IF(AZ46<=Assumptions!$I$18,"Below Expectation",IF(AZ46<=Assumptions!$I$19,"Developing",IF(AZ46<=Assumptions!$I$20,"Meets Expectation",IF(AZ46<=Assumptions!$I$21,"Exceeds","Star Performer"))))) -> Exceeds | BB46: =IF(AZ46="",0,IF(AZ46>=Assumptions!$I$26,1,0)) -> 1 | BC46: =IF(AL46="",2,AL46+2) -> 3 | BD46: =IF(AM46="",ROUND(AVERAGE($AM$2:$AM$921),3),AM46) -> 0.548 | BE46: =1-BD46 -> 0.452
A47: 454 | B47: 55021146 | C47: JioCX | D47: Mr. Vivin Chandran | E47: JioCX Engineering | F47: Head Application Developer JioCX | G47: 24281768 | H47: Team Lead Software Development | I47: Bharat Bhushan | J47: Ms. Arya Khamparia | K47: Marrd. | L47: 42649 | M47: 38.9 | N47: 32024 | O47: Asst. Vice President | P47: Asst. Vice - President | Q47: 9.8 | R47: 5.9 | S47: 15.5 | U47: 45992 | V47: A* | W47: A* | X47: A* | Y47: A* | Z47: A* | AA47: MCA-Computer Applications-2011(FT) | AB47: =IFERROR(VALUE(R47),0) -> 5.9 | AC47: =IFERROR(VALUE(M47),"") -> 38.9 | AD47: =IFERROR(VALUE(Q47),"") -> 9.8 | AE47: =IFERROR(VALUE(S47),"") -> 15.5 | AF47: =IF(V47="","",VLOOKUP(V47,Assumptions!$B$6:$C$9,2,FALSE())) -> 4 | AG47: =IF(W47="","",VLOOKUP(W47,Assumptions!$B$6:$C$9,2,FALSE())) -> 4 | AH47: =IF(X47="","",VLOOKUP(X47,Assumptions!$B$6:$C$9,2,FALSE())) -> 4 | AI47: =IF(Y47="","",VLOOKUP(Y47,Assumptions!$B$6:$C$9,2,FALSE())) -> 4 | AJ47: =IF(Z47="","",VLOOKUP(Z47,Assumptions!$B$6:$C$9,2,FALSE())) -> 4 | AK47: =IFERROR(ROUND(AVERAGE(AF47:AJ47),3),"") -> 4 | AL47: =IF(OR(AF47="",AJ47=""),"",AJ47-AF47) -> 0 | AM47: =IF(COUNT(AF47:AJ47)>=2,ROUND(_xlfn.STDEV.S(AF47:AJ47),3),"") -> 0 | AN47: =ROUND((IF(AF47="",0,AF47)*Assumptions!$F$15)+(IF(AG47="",0,AG47)*Assumptions!$F$16)+(IF(AH47="",0,AH47)*Assumptions!$F$17)+(IF(AI47="",0,AI47)*Assumptions!$F$18)+(IF(AJ47="",0,AJ47)*Assumptions!$F$19),3) -> 4 | AO47: =IF(AC47<=20,"",IF(AC47<=Assumptions!$F$6,"20-30",IF(AC47<=Assumptions!$F$7,"30-40",IF(AC47<=Assumptions!$F$8,"40-50",IF(AC47<=Assumptions!$F$9,"50-60",IF(AC47<=Assumptions!$F$10,"60+","")))))) -> 30-40 | AP47: =IFERROR(VLOOKUP(O47,Assumptions!$B$14:$C$26,2,FALSE()),"Other") -> Leadership | AQ47: =IF(T47="",0,1) -> 0 | AR47: =IF(U47="",0,1) -> 1 | AS47: =IF(AK47="","",IF(MAX($AK$2:$AK$921)=MIN($AK$2:$AK$921),50,ROUND((AK47-MIN($AK$2:$AK$921))/(MAX($AK$2:$AK$921)-MIN($AK$2:$AK$921))*100,2))) -> 100 | AT47: =IF(MAX($BC$2:$BC$921)=MIN($BC$2:$BC$921),50,ROUND((BC47-MIN($BC$2:$BC$921))/(MAX($BC$2:$BC$921)-MIN($BC$2:$BC$921))*100,2)) -> 50 | AU47: =IF(MAX($BE$2:$BE$921)=MIN($BE$2:$BE$921),50,ROUND((BE47-MIN($BE$2:$BE$921))/(MAX($BE$2:$BE$921)-MIN($BE$2:$BE$921))*100,2)) -> 100 | AV47: =IF(MAX($AD$2:$AD$921)=MIN($AD$2:$AD$921),50,ROUND((AD47-MIN($AD$2:$AD$921))/(MAX($AD$2:$AD$921)-MIN($AD$2:$AD$921))*100,2)) -> 26.34 | AW47: =IF(MAX($AN$2:$AN$921)=MIN($AN$2:$AN$921),50,ROUND((AN47-MIN($AN$2:$AN$921))/(MAX($AN$2:$AN$921)-MIN($AN$2:$AN$921))*100,2)) -> 100 | AX47: =AQ47*100 -> 0 | AY47: =AR47*100 -> 100 | AZ47: =IFERROR(ROUND(AS47*Assumptions!$I$6+AW47*Assumptions!$I$7+AT47*Assumptions!$I$8+AU47*Assumptions!$I$9+AV47*Assumptions!$I$10+AX47*Assumptions!$I$11+AY47*Assumptions!$I$12,2),"") -> 80.13 | BA47: =IF(AZ47="","",IF(AZ47<=Assumptions!$I$18,"Below Expectation",IF(AZ47<=Assumptions!$I$19,"Developing",IF(AZ47<=Assumptions!$I$20,"Meets Expectation",IF(AZ47<=Assumptions!$I$21,"Exceeds","Star Performer"))))) -> Exceeds | BB47: =IF(AZ47="",0,IF(AZ47>=Assumptions!$I$26,1,0)) -> 1 | BC47: =IF(AL47="",2,AL47+2) -> 2 | BD47: =IF(AM47="",ROUND(AVERAGE($AM$2:$AM$921),3),AM47) -> 0 | BE47: =1-BD47 -> 1
A48: 213 | B48: 10056531 | C48: IRM & Cyber Security | D48: Mr. Pravin Satyawan Loke | E48: IRM Vulnerability Management | F48: Sr. Engineer -Information Security | G48: 24281824 | H48: Senior Engineer Information Security | I48: Bharat Bhushan | J48: Ms. Sudeshna Das | K48: Marrd. | L48: 42737 | M48: 39.3 | N48: 31833 | O48: DGM | P48: Dy. General Manager | Q48: 9.5 | R48: 6.9 | S48: 16.2 | U48: 45748 | V48: A* | W48: A* | X48: A* | Y48: A* | Z48: A* | AA48: BE-Electronics & Comm. Engg-2009(FT) | AB48: =IFERROR(VALUE(R48),0) -> 6.9 | AC48: =IFERROR(VALUE(M48),"") -> 39.3 | AD48: =IFERROR(VALUE(Q48),"") -> 9.5 | AE48: =IFERROR(VALUE(S48),"") -> 16.2 | AF48: =IF(V48="","",VLOOKUP(V48,Assumptions!$B$6:$C$9,2,FALSE())) -> 4 | AG48: =IF(W48="","",VLOOKUP(W48,Assumptions!$B$6:$C$9,2,FALSE())) -> 4 | AH48: =IF(X48="","",VLOOKUP(X48,Assumptions!$B$6:$C$9,2,FALSE())) -> 4 | AI48: =IF(Y48="","",VLOOKUP(Y48,Assumptions!$B$6:$C$9,2,FALSE())) -> 4 | AJ48: =IF(Z48="","",VLOOKUP(Z48,Assumptions!$B$6:$C$9,2,FALSE())) -> 4 | AK48: =IFERROR(ROUND(AVERAGE(AF48:AJ48),3),"") -> 4 | AL48: =IF(OR(AF48="",AJ48=""),"",AJ48-AF48) -> 0 | AM48: =IF(COUNT(AF48:AJ48)>=2,ROUND(_xlfn.STDEV.S(AF48:AJ48),3),"") -> 0 | AN48: =ROUND((IF(AF48="",0,AF48)*Assumptions!$F$15)+(IF(AG48="",0,AG48)*Assumptions!$F$16)+(IF(AH48="",0,AH48)*Assumptions!$F$17)+(IF(AI48="",0,AI48)*Assumptions!$F$18)+(IF(AJ48="",0,AJ48)*Assumptions!$F$19),3) -> 4 | AO48: =IF(AC48<=20,"",IF(AC48<=Assumptions!$F$6,"20-30",IF(AC48<=Assumptions!$F$7,"30-40",IF(AC48<=Assumptions!$F$8,"40-50",IF(AC48<=Assumptions!$F$9,"50-60",IF(AC48<=Assumptions!$F$10,"60+","")))))) -> 30-40 | AP48: =IFERROR(VLOOKUP(O48,Assumptions!$B$14:$C$26,2,FALSE()),"Other") -> Manager | AQ48: =IF(T48="",0,1) -> 0 | AR48: =IF(U48="",0,1) -> 1 | AS48: =IF(AK48="","",IF(MAX($AK$2:$AK$921)=MIN($AK$2:$AK$921),50,ROUND((AK48-MIN($AK$2:$AK$921))/(MAX($AK$2:$AK$921)-MIN($AK$2:$AK$921))*100,2))) -> 100 | AT48: =IF(MAX($BC$2:$BC$921)=MIN($BC$2:$BC$921),50,ROUND((BC48-MIN($BC$2:$BC$921))/(MAX($BC$2:$BC$921)-MIN($BC$2:$BC$921))*100,2)) -> 50 | AU48: =IF(MAX($BE$2:$BE$921)=MIN($BE$2:$BE$921),50,ROUND((BE48-MIN($BE$2:$BE$921))/(MAX($BE$2:$BE$921)-MIN($BE$2:$BE$921))*100,2)) -> 100 | AV48: =IF(MAX($AD$2:$AD$921)=MIN($AD$2:$AD$921),50,ROUND((AD48-MIN($AD$2:$AD$921))/(MAX($AD$2:$AD$921)-MIN($AD$2:$AD$921))*100,2)) -> 25.52 | AW48: =IF(MAX($AN$2:$AN$921)=MIN($AN$2:$AN$921),50,ROUND((AN48-MIN($AN$2:$AN$921))/(MAX($AN$2:$AN$921)-MIN($AN$2:$AN$921))*100,2)) -> 100 | AX48: =AQ48*100 -> 0 | AY48: =AR48*100 -> 100 | AZ48: =IFERROR(ROUND(AS48*Assumptions!$I$6+AW48*Assumptions!$I$7+AT48*Assumptions!$I$8+AU48*Assumptions!$I$9+AV48*Assumptions!$I$10+AX48*Assumptions!$I$11+AY48*Assumptions!$I$12,2),"") -> 80.05 | BA48: =IF(AZ48="","",IF(AZ48<=Assumptions!$I$18,"Below Expectation",IF(AZ48<=Assumptions!$I$19,"Developing",IF(AZ48<=Assumptions!$I$20,"Meets Expectation",IF(AZ48<=Assumptions!$I$21,"Exceeds","Star Performer"))))) -> Exceeds | BB48: =IF(AZ48="",0,IF(AZ48>=Assumptions!$I$26,1,0)) -> 1 | BC48: =IF(AL48="",2,AL48+2) -> 2 | BD48: =IF(AM48="",ROUND(AVERAGE($AM$2:$AM$921),3),AM48) -> 0 | BE48: =1-BD48 -> 1
A49: 455 | B49: 55022522 | C49: JioCX | D49: Mr. Vikrant Kamble | E49: JioCX Engineering | F49: DevOps Engineer JioCX | G49: 24281798 | H49: Engineer SRE | I49: Bharat Bhushan | J49: Ms. Arya Khamparia | K49: Marrd. | L49: 42745 | M49: 37.4 | N49: 32526 | O49: Sr.Manager | P49: Sr. Manager | Q49: 9.4 | R49: 3 | S49: 12.4 | U49: 45992 | V49: A* | W49: A* | X49: A* | Y49: A* | Z49: A* | AA49: Master in Information Management (MIM)-Management Information Systems-2020(PT),BSc-Information Technology-2012(FT) | AB49: =IFERROR(VALUE(R49),0) -> 3 | AC49: =IFERROR(VALUE(M49),"") -> 37.4 | AD49: =IFERROR(VALUE(Q49),"") -> 9.4 | AE49: =IFERROR(VALUE(S49),"") -> 12.4 | AF49: =IF(V49="","",VLOOKUP(V49,Assumptions!$B$6:$C$9,2,FALSE())) -> 4 | AG49: =IF(W49="","",VLOOKUP(W49,Assumptions!$B$6:$C$9,2,FALSE())) -> 4 | AH49: =IF(X49="","",VLOOKUP(X49,Assumptions!$B$6:$C$9,2,FALSE())) -> 4 | AI49: =IF(Y49="","",VLOOKUP(Y49,Assumptions!$B$6:$C$9,2,FALSE())) -> 4 | AJ49: =IF(Z49="","",VLOOKUP(Z49,Assumptions!$B$6:$C$9,2,FALSE())) -> 4 | AK49: =IFERROR(ROUND(AVERAGE(AF49:AJ49),3),"") -> 4 | AL49: =IF(OR(AF49="",AJ49=""),"",AJ49-AF49) -> 0 | AM49: =IF(COUNT(AF49:AJ49)>=2,ROUND(_xlfn.STDEV.S(AF49:AJ49),3),"") -> 0 | AN49: =ROUND((IF(AF49="",0,AF49)*Assumptions!$F$15)+(IF(AG49="",0,AG49)*Assumptions!$F$16)+(IF(AH49="",0,AH49)*Assumptions!$F$17)+(IF(AI49="",0,AI49)*Assumptions!$F$18)+(IF(AJ49="",0,AJ49)*Assumptions!$F$19),3) -> 4 | AO49: =IF(AC49<=20,"",IF(AC49<=Assumptions!$F$6,"20-30",IF(AC49<=Assumptions!$F$7,"30-40",IF(AC49<=Assumptions!$F$8,"40-50",IF(AC49<=Assumptions!$F$9,"50-60",IF(AC49<=Assumptions!$F$10,"60+","")))))) -> 30-40 | AP49: =IFERROR(VLOOKUP(O49,Assumptions!$B$14:$C$26,2,FALSE()),"Other") -> Manager | AQ49: =IF(T49="",0,1) -> 0 | AR49: =IF(U49="",0,1) -> 1 | AS49: =IF(AK49="","",IF(MAX($AK$2:$AK$921)=MIN($AK$2:$AK$921),50,ROUND((AK49-MIN($AK$2:$AK$921))/(MAX($AK$2:$AK$921)-MIN($AK$2:$AK$921))*100,2))) -> 100 | AT49: =IF(MAX($BC$2:$BC$921)=MIN($BC$2:$BC$921),50,ROUND((BC49-MIN($BC$2:$BC$921))/(MAX($BC$2:$BC$921)-MIN($BC$2:$BC$921))*100,2)) -> 50 | AU49: =IF(MAX($BE$2:$BE$921)=MIN($BE$2:$BE$921),50,ROUND((BE49-MIN($BE$2:$BE$921))/(MAX($BE$2:$BE$921)-MIN($BE$2:$BE$921))*100,2)) -> 100 | AV49: =IF(MAX($AD$2:$AD$921)=MIN($AD$2:$AD$921),50,ROUND((AD49-MIN($AD$2:$AD$921))/(MAX($AD$2:$AD$921)-MIN($AD$2:$AD$921))*100,2)) -> 25.25 | AW49: =IF(MAX($AN$2:$AN$921)=MIN($AN$2:$AN$921),50,ROUND((AN49-MIN($AN$2:$AN$921))/(MAX($AN$2:$AN$921)-MIN($AN$2:$AN$921))*100,2)) -> 100 | AX49: =AQ49*100 -> 0 | AY49: =AR49*100 -> 100 | AZ49: =IFERROR(ROUND(AS49*Assumptions!$I$6+AW49*Assumptions!$I$7+AT49*Assumptions!$I$8+AU49*Assumptions!$I$9+AV49*Assumptions!$I$10+AX49*Assumptions!$I$11+AY49*Assumptions!$I$12,2),"") -> 80.03 | BA49: =IF(AZ49="","",IF(AZ49<=Assumptions!$I$18,"Below Expectation",IF(AZ49<=Assumptions!$I$19,"Developing",IF(AZ49<=Assumptions!$I$20,"Meets Expectation",IF(AZ49<=Assumptions!$I$21,"Exceeds","Star Performer"))))) -> Exceeds | BB49: =IF(AZ49="",0,IF(AZ49>=Assumptions!$I$26,1,0)) -> 1 | BC49: =IF(AL49="",2,AL49+2) -> 2 | BD49: =IF(AM49="",ROUND(AVERAGE($AM$2:$AM$921),3),AM49) -> 0 | BE49: =1-BD49 -> 1
A50: 71 | B50: 10021302 | C50: IT Infrastructure | D50: Mr. Pratit S. Patil | E50: Collaboration Tools | F50: Head - IT Infrastructure | G50: 24281818 | H50: Head IT Infrastructure | I50: Bharat Bhushan | J50: Ms. Sudeshna Das | K50: Marrd. | L50: 39188 | M50: 47.8 | N50: 28765 | O50: Asst. Vice President | P50: Asst. Vice - President | Q50: 19.1 | R50: 7.1 | S50: 26.2 | T50: 43405 | U50: 45017 | V50: A* | W50: A* | X50: A* | Y50: A+ | Z50: A* | AA50: Diploma-Computer Applications-1999(FT) | AB50: =IFERROR(VALUE(R50),0) -> 7.1 | AC50: =IFERROR(VALUE(M50),"") -> 47.8 | AD50: =IFERROR(VALUE(Q50),"") -> 19.1 | AE50: =IFERROR(VALUE(S50),"") -> 26.2 | AF50: =IF(V50="","",VLOOKUP(V50,Assumptions!$B$6:$C$9,2,FALSE())) -> 4 | AG50: =IF(W50="","",VLOOKUP(W50,Assumptions!$B$6:$C$9,2,FALSE())) -> 4 | AH50: =IF(X50="","",VLOOKUP(X50,Assumptions!$B$6:$C$9,2,FALSE())) -> 4 | AI50: =IF(Y50="","",VLOOKUP(Y50,Assumptions!$B$6:$C$9,2,FALSE())) -> 3 | AJ50: =IF(Z50="","",VLOOKUP(Z50,Assumptions!$B$6:$C$9,2,FALSE())) -> 4 | AK50: =IFERROR(ROUND(AVERAGE(AF50:AJ50),3),"") -> 3.8 | AL50: =IF(OR(AF50="",AJ50=""),"",AJ50-AF50) -> 0 | AM50: =IF(COUNT(AF50:AJ50)>=2,ROUND(_xlfn.STDEV.S(AF50:AJ50),3),"") -> 0.447 | AN50: =ROUND((IF(AF50="",0,AF50)*Assumptions!$F$15)+(IF(AG50="",0,AG50)*Assumptions!$F$16)+(IF(AH50="",0,AH50)*Assumptions!$F$17)+(IF(AI50="",0,AI50)*Assumptions!$F$18)+(IF(AJ50="",0,AJ50)*Assumptions!$F$19),3) -> 3.75 | AO50: =IF(AC50<=20,"",IF(AC50<=Assumptions!$F$6,"20-30",IF(AC50<=Assumptions!$F$7,"30-40",IF(AC50<=Assumptions!$F$8,"40-50",IF(AC50<=Assumptions!$F$9,"50-60",IF(AC50<=Assumptions!$F$10,"60+","")))))) -> 40-50 | AP50: =IFERROR(VLOOKUP(O50,Assumptions!$B$14:$C$26,2,FALSE()),"Other") -> Leadership | AQ50: =IF(T50="",0,1) -> 1 | AR50: =IF(U50="",0,1) -> 1 | AS50: =IF(AK50="","",IF(MAX($AK$2:$AK$921)=MIN($AK$2:$AK$921),50,ROUND((AK50-MIN($AK$2:$AK$921))/(MAX($AK$2:$AK$921)-MIN($AK$2:$AK$921))*100,2))) -> 91.43 | AT50: =IF(MAX($BC$2:$BC$921)=MIN($BC$2:$BC$921),50,ROUND((BC50-MIN($BC$2:$BC$921))/(MAX($BC$2:$BC$921)-MIN($BC$2:$BC$921))*100,2)) -> 50 | AU50: =IF(MAX($BE$2:$BE$921)=MIN($BE$2:$BE$921),50,ROUND((BE50-MIN($BE$2:$BE$921))/(MAX($BE$2:$BE$921)-MIN($BE$2:$BE$921))*100,2)) -> 74.19 | AV50: =IF(MAX($AD$2:$AD$921)=MIN($AD$2:$AD$921),50,ROUND((AD50-MIN($AD$2:$AD$921))/(MAX($AD$2:$AD$921)-MIN($AD$2:$AD$921))*100,2)) -> 51.62 | AW50: =IF(MAX($AN$2:$AN$921)=MIN($AN$2:$AN$921),50,ROUND((AN50-MIN($AN$2:$AN$921))/(MAX($AN$2:$AN$921)-MIN($AN$2:$AN$921))*100,2)) -> 93.75 | AX50: =AQ50*100 -> 100 | AY50: =AR50*100 -> 100 | AZ50: =IFERROR(ROUND(AS50*Assumptions!$I$6+AW50*Assumptions!$I$7+AT50*Assumptions!$I$8+AU50*Assumptions!$I$9+AV50*Assumptions!$I$10+AX50*Assumptions!$I$11+AY50*Assumptions!$I$12,2),"") -> 79.97 | BA50: =IF(AZ50="","",IF(AZ50<=Assumptions!$I$18,"Below Expectation",IF(AZ50<=Assumptions!$I$19,"Developing",IF(AZ50<=Assumptions!$I$20,"Meets Expectation",IF(AZ50<=Assumptions!$I$21,"Exceeds","Star Performer"))))) -> Exceeds | BB50: =IF(AZ50="",0,IF(AZ50>=Assumptions!$I$26,1,0)) -> 1 | BC50: =IF(AL50="",2,AL50+2) -> 2 | BD50: =IF(AM50="",ROUND(AVERAGE($AM$2:$AM$921),3),AM50) -> 0.447 | BE50: =1-BD50 -> 0.553
A51: 224 | B51: 10058269 | C51: IT Infrastructure | D51: Mr. Ganesh Dhuri | E51: EndUserServices Asset&Configuration | F51: Senior Engineer IT Infrastructure | G51: 24281815 | H51: Senior Engineer IT Infrastructure | I51: Bharat Bhushan | J51: Ms. Sudeshna Das | K51: Marrd. | L51: 42857 | M51: 36.5 | N51: 32855 | O51: Sr.Manager | P51: Sr. Manager | Q51: 9.1 | R51: 3.8 | S51: 12.9 | U51: 44652 | V51: A* | W51: A* | X51: A* | Y51: A* | Z51: A* | AA51: BSc-Information Technology-2010(FT),HSC/Intermediate/Pre-University-Others-2007(FT),SSC/XTH STD/SSLC-Applied Sciences-2005(FT) | AB51: =IFERROR(VALUE(R51),0) -> 3.8 | AC51: =IFERROR(VALUE(M51),"") -> 36.5 | AD51: =IFERROR(VALUE(Q51),"") -> 9.1 | AE51: =IFERROR(VALUE(S51),"") -> 12.9 | AF51: =IF(V51="","",VLOOKUP(V51,Assumptions!$B$6:$C$9,2,FALSE())) -> 4 | AG51: =IF(W51="","",VLOOKUP(W51,Assumptions!$B$6:$C$9,2,FALSE())) -> 4 | AH51: =IF(X51="","",VLOOKUP(X51,Assumptions!$B$6:$C$9,2,FALSE())) -> 4 | AI51: =IF(Y51="","",VLOOKUP(Y51,Assumptions!$B$6:$C$9,2,FALSE())) -> 4 | AJ51: =IF(Z51="","",VLOOKUP(Z51,Assumptions!$B$6:$C$9,2,FALSE())) -> 4 | AK51: =IFERROR(ROUND(AVERAGE(AF51:AJ51),3),"") -> 4 | AL51: =IF(OR(AF51="",AJ51=""),"",AJ51-AF51) -> 0 | AM51: =IF(COUNT(AF51:AJ51)>=2,ROUND(_xlfn.STDEV.S(AF51:AJ51),3),"") -> 0 | AN51: =ROUND((IF(AF51="",0,AF51)*Assumptions!$F$15)+(IF(AG51="",0,AG51)*Assumptions!$F$16)+(IF(AH51="",0,AH51)*Assumptions!$F$17)+(IF(AI51="",0,AI51)*Assumptions!$F$18)+(IF(AJ51="",0,AJ51)*Assumptions!$F$19),3) -> 4 | AO51: =IF(AC51<=20,"",IF(AC51<=Assumptions!$F$6,"20-30",IF(AC51<=Assumptions!$F$7,"30-40",IF(AC51<=Assumptions!$F$8,"40-50",IF(AC51<=Assumptions!$F$9,"50-60",IF(AC51<=Assumptions!$F$10,"60+","")))))) -> 30-40 | AP51: =IFERROR(VLOOKUP(O51,Assumptions!$B$14:$C$26,2,FALSE()),"Other") -> Manager | AQ51: =IF(T51="",0,1) -> 0 | AR51: =IF(U51="",0,1) -> 1 | AS51: =IF(AK51="","",IF(MAX($AK$2:$AK$921)=MIN($AK$2:$AK$921),50,ROUND((AK51-MIN($AK$2:$AK$921))/(MAX($AK$2:$AK$921)-MIN($AK$2:$AK$921))*100,2))) -> 100 | AT51: =IF(MAX($BC$2:$BC$921)=MIN($BC$2:$BC$921),50,ROUND((BC51-MIN($BC$2:$BC$921))/(MAX($BC$2:$BC$921)-MIN($BC$2:$BC$921))*100,2)) -> 50 | AU51: =IF(MAX($BE$2:$BE$921)=MIN($BE$2:$BE$921),50,ROUND((BE51-MIN($BE$2:$BE$921))/(MAX($BE$2:$BE$921)-MIN($BE$2:$BE$921))*100,2)) -> 100 | AV51: =IF(MAX($AD$2:$AD$921)=MIN($AD$2:$AD$921),50,ROUND((AD51-MIN($AD$2:$AD$921))/(MAX($AD$2:$AD$921)-MIN($AD$2:$AD$921))*100,2)) -> 24.44 | AW51: =IF(MAX($AN$2:$AN$921)=MIN($AN$2:$AN$921),50,ROUND((AN51-MIN($AN$2:$AN$921))/(MAX($AN$2:$AN$921)-MIN($AN$2:$AN$921))*100,2)) -> 100 | AX51: =AQ51*100 -> 0 | AY51: =AR51*100 -> 100 | AZ51: =IFERROR(ROUND(AS51*Assumptions!$I$6+AW51*Assumptions!$I$7+AT51*Assumptions!$I$8+AU51*Assumptions!$I$9+AV51*Assumptions!$I$10+AX51*Assumptions!$I$11+AY51*Assumptions!$I$12,2),"") -> 79.94 | BA51: =IF(AZ51="","",IF(AZ51<=Assumptions!$I$18,"Below Expectation",IF(AZ51<=Assumptions!$I$19,"Developing",IF(AZ51<=Assumptions!$I$20,"Meets Expectation",IF(AZ51<=Assumptions!$I$21,"Exceeds","Star Performer"))))) -> Exceeds | BB51: =IF(AZ51="",0,IF(AZ51>=Assumptions!$I$26,1,0)) -> 1 | BC51: =IF(AL51="",2,AL51+2) -> 2 | BD51: =IF(AM51="",ROUND(AVERAGE($AM$2:$AM$921),3),AM51) -> 0 | BE51: =1-BD51 -> 1
A52: 225 | B52: 10058435 | C52: IRM & Cyber Security | D52: Mr. Debayan Mitra | E52: IRM Governance & Risk Management | F52: Lead Information Security | G52: 24281825 | H52: Lead Information Security | I52: Bharat Bhushan | J52: Ms. Sudeshna Das | K52: Marrd. | L52: 42870 | M52: 41.0 | N52: 31178 | O52: General Manager | P52: General Manager | Q52: 9 | R52: 8.6 | S52: 17.6 | U52: 45748 | V52: A* | W52: A* | X52: A* | Y52: A* | Z52: A* | AA52: BE-Information Technology-2008 | AB52: =IFERROR(VALUE(R52),0) -> 8.6 | AC52: =IFERROR(VALUE(M52),"") -> 41 | AD52: =IFERROR(VALUE(Q52),"") -> 9 | AE52: =IFERROR(VALUE(S52),"") -> 17.6 | AF52: =IF(V52="","",VLOOKUP(V52,Assumptions!$B$6:$C$9,2,FALSE())) -> 4 | AG52: =IF(W52="","",VLOOKUP(W52,Assumptions!$B$6:$C$9,2,FALSE())) -> 4 | AH52: =IF(X52="","",VLOOKUP(X52,Assumptions!$B$6:$C$9,2,FALSE())) -> 4 | AI52: =IF(Y52="","",VLOOKUP(Y52,Assumptions!$B$6:$C$9,2,FALSE())) -> 4 | AJ52: =IF(Z52="","",VLOOKUP(Z52,Assumptions!$B$6:$C$9,2,FALSE())) -> 4 | AK52: =IFERROR(ROUND(AVERAGE(AF52:AJ52),3),"") -> 4 | AL52: =IF(OR(AF52="",AJ52=""),"",AJ52-AF52) -> 0 | AM52: =IF(COUNT(AF52:AJ52)>=2,ROUND(_xlfn.STDEV.S(AF52:AJ52),3),"") -> 0 | AN52: =ROUND((IF(AF52="",0,AF52)*Assumptions!$F$15)+(IF(AG52="",0,AG52)*Assumptions!$F$16)+(IF(AH52="",0,AH52)*Assumptions!$F$17)+(IF(AI52="",0,AI52)*Assumptions!$F$18)+(IF(AJ52="",0,AJ52)*Assumptions!$F$19),3) -> 4 | AO52: =IF(AC52<=20,"",IF(AC52<=Assumptions!$F$6,"20-30",IF(AC52<=Assumptions!$F$7,"30-40",IF(AC52<=Assumptions!$F$8,"40-50",IF(AC52<=Assumptions!$F$9,"50-60",IF(AC52<=Assumptions!$F$10,"60+","")))))) -> 40-50 | AP52: =IFERROR(VLOOKUP(O52,Assumptions!$B$14:$C$26,2,FALSE()),"Other") -> Manager | AQ52: =IF(T52="",0,1) -> 0 | AR52: =IF(U52="",0,1) -> 1 | AS52: =IF(AK52="","",IF(MAX($AK$2:$AK$921)=MIN($AK$2:$AK$921),50,ROUND((AK52-MIN($AK$2:$AK$921))/(MAX($AK$2:$AK$921)-MIN($AK$2:$AK$921))*100,2))) -> 100 | AT52: =IF(MAX($BC$2:$BC$921)=MIN($BC$2:$BC$921),50,ROUND((BC52-MIN($BC$2:$BC$921))/(MAX($BC$2:$BC$921)-MIN($BC$2:$BC$921))*100,2)) -> 50 | AU52: =IF(MAX($BE$2:$BE$921)=MIN($BE$2:$BE$921),50,ROUND((BE52-MIN($BE$2:$BE$921))/(MAX($BE$2:$BE$921)-MIN($BE$2:$BE$921))*100,2)) -> 100 | AV52: =IF(MAX($AD$2:$AD$921)=MIN($AD$2:$AD$921),50,ROUND((AD52-MIN($AD$2:$AD$921))/(MAX($AD$2:$AD$921)-MIN($AD$2:$AD$921))*100,2)) -> 24.16 | AW52: =IF(MAX($AN$2:$AN$921)=MIN($AN$2:$AN$921),50,ROUND((AN52-MIN($AN$2:$AN$921))/(MAX($AN$2:$AN$921)-MIN($AN$2:$AN$921))*100,2)) -> 100 | AX52: =AQ52*100 -> 0 | AY52: =AR52*100 -> 100 | AZ52: =IFERROR(ROUND(AS52*Assumptions!$I$6+AW52*Assumptions!$I$7+AT52*Assumptions!$I$8+AU52*Assumptions!$I$9+AV52*Assumptions!$I$10+AX52*Assumptions!$I$11+AY52*Assumptions!$I$12,2),"") -> 79.92 | BA52: =IF(AZ52="","",IF(AZ52<=Assumptions!$I$18,"Below Expectation",IF(AZ52<=Assumptions!$I$19,"Developing",IF(AZ52<=Assumptions!$I$20,"Meets Expectation",IF(AZ52<=Assumptions!$I$21,"Exceeds","Star Performer"))))) -> Exceeds | BB52: =IF(AZ52="",0,IF(AZ52>=Assumptions!$I$26,1,0)) -> 1 | BC52: =IF(AL52="",2,AL52+2) -> 2 | BD52: =IF(AM52="",ROUND(AVERAGE($AM$2:$AM$921),3),AM52) -> 0 | BE52: =1-BD52 -> 1
A53: 239 | B53: 10060439 | C53: IT Infrastructure | D53: Mr. Yogesh Zavare | E53: End User Services Remote Support Ops | F53: Senior Engineer IT Infrastructure | G53: 24281815 | H53: Senior Engineer IT Infrastructure | I53: Bharat Bhushan | J53: Ms. Sudeshna Das | K53: Marrd. | L53: 43003 | M53: 38.0 | N53: 32280 | O53: Sr.Manager | P53: Sr. Manager | Q53: 8.8 | R53: 7 | S53: 15.8 | U53: 44652 | V53: A* | W53: A* | X53: A* | Y53: A* | Z53: A* | AA53: Diploma - Engineering-Computer Engg-2009(FT),HSC/Intermediate/Pre-University-Science-2006(FT),SSC/XTH STD/SSLC-Others-2004(FT) | AB53: =IFERROR(VALUE(R53),0) -> 7 | AC53: =IFERROR(VALUE(M53),"") -> 38 | AD53: =IFERROR(VALUE(Q53),"") -> 8.8 | AE53: =IFERROR(VALUE(S53),"") -> 15.8 | AF53: =IF(V53="","",VLOOKUP(V53,Assumptions!$B$6:$C$9,2,FALSE())) -> 4 | AG53: =IF(W53="","",VLOOKUP(W53,Assumptions!$B$6:$C$9,2,FALSE())) -> 4 | AH53: =IF(X53="","",VLOOKUP(X53,Assumptions!$B$6:$C$9,2,FALSE())) -> 4 | AI53: =IF(Y53="","",VLOOKUP(Y53,Assumptions!$B$6:$C$9,2,FALSE())) -> 4 | AJ53: =IF(Z53="","",VLOOKUP(Z53,Assumptions!$B$6:$C$9,2,FALSE())) -> 4 | AK53: =IFERROR(ROUND(AVERAGE(AF53:AJ53),3),"") -> 4 | AL53: =IF(OR(AF53="",AJ53=""),"",AJ53-AF53) -> 0 | AM53: =IF(COUNT(AF53:AJ53)>=2,ROUND(_xlfn.STDEV.S(AF53:AJ53),3),"") -> 0 | AN53: =ROUND((IF(AF53="",0,AF53)*Assumptions!$F$15)+(IF(AG53="",0,AG53)*Assumptions!$F$16)+(IF(AH53="",0,AH53)*Assumptions!$F$17)+(IF(AI53="",0,AI53)*Assumptions!$F$18)+(IF(AJ53="",0,AJ53)*Assumptions!$F$19),3) -> 4 | AO53: =IF(AC53<=20,"",IF(AC53<=Assumptions!$F$6,"20-30",IF(AC53<=Assumptions!$F$7,"30-40",IF(AC53<=Assumptions!$F$8,"40-50",IF(AC53<=Assumptions!$F$9,"50-60",IF(AC53<=Assumptions!$F$10,"60+","")))))) -> 30-40 | AP53: =IFERROR(VLOOKUP(O53,Assumptions!$B$14:$C$26,2,FALSE()),"Other") -> Manager | AQ53: =IF(T53="",0,1) -> 0 | AR53: =IF(U53="",0,1) -> 1 | AS53: =IF(AK53="","",IF(MAX($AK$2:$AK$921)=MIN($AK$2:$AK$921),50,ROUND((AK53-MIN($AK$2:$AK$921))/(MAX($AK$2:$AK$921)-MIN($AK$2:$AK$921))*100,2))) -> 100 | AT53: =IF(MAX($BC$2:$BC$921)=MIN($BC$2:$BC$921),50,ROUND((BC53-MIN($BC$2:$BC$921))/(MAX($BC$2:$BC$921)-MIN($BC$2:$BC$921))*100,2)) -> 50 | AU53: =IF(MAX($BE$2:$BE$921)=MIN($BE$2:$BE$921),50,ROUND((BE53-MIN($BE$2:$BE$921))/(MAX($BE$2:$BE$921)-MIN($BE$2:$BE$921))*100,2)) -> 100 | AV53: =IF(MAX($AD$2:$AD$921)=MIN($AD$2:$AD$921),50,ROUND((AD53-MIN($AD$2:$AD$921))/(MAX($AD$2:$AD$921)-MIN($AD$2:$AD$921))*100,2)) -> 23.62 | AW53: =IF(MAX($AN$2:$AN$921)=MIN($AN$2:$AN$921),50,ROUND((AN53-MIN($AN$2:$AN$921))/(MAX($AN$2:$AN$921)-MIN($AN$2:$AN$921))*100,2)) -> 100 | AX53: =AQ53*100 -> 0 | AY53: =AR53*100 -> 100 | AZ53: =IFERROR(ROUND(AS53*Assumptions!$I$6+AW53*Assumptions!$I$7+AT53*Assumptions!$I$8+AU53*Assumptions!$I$9+AV53*Assumptions!$I$10+AX53*Assumptions!$I$11+AY53*Assumptions!$I$12,2),"") -> 79.86 | BA53: =IF(AZ53="","",IF(AZ53<=Assumptions!$I$18,"Below Expectation",IF(AZ53<=Assumptions!$I$19,"Developing",IF(AZ53<=Assumptions!$I$20,"Meets Expectation",IF(AZ53<=Assumptions!$I$21,"Exceeds","Star Performer"))))) -> Exceeds | BB53: =IF(AZ53="",0,IF(AZ53>=Assumptions!$I$26,1,0)) -> 1 | BC53: =IF(AL53="",2,AL53+2) -> 2 | BD53: =IF(AM53="",ROUND(AVERAGE($AM$2:$AM$921),3),AM53) -> 0 | BE53: =1-BD53 -> 1
A54: 457 | B54: 55027743 | C54: JioCX | D54: Mr. Kiran Shinde | E54: JioCX Engineering | F54: Software Developer JioCX | G54: 24281764 | H54: Software Development Engineer II | I54: Bharat Bhushan | J54: Ms. Arya Khamparia | K54: Marrd. | L54: 43139 | M54: 33.4 | N54: 33987 | O54: Manager | P54: Manager | Q54: 8.4 | R54: 3.6 | S54: 11.10 | U54: 45689 | V54: A* | W54: A* | X54: A* | Y54: A* | Z54: A* | AA54: BE-Computer Science Engg.-2014(FT),Diploma - Engineering-Computer Science Engg.-2011(FT) | AB54: =IFERROR(VALUE(R54),0) -> 3.6 | AC54: =IFERROR(VALUE(M54),"") -> 33.4 | AD54: =IFERROR(VALUE(Q54),"") -> 8.4 | AE54: =IFERROR(VALUE(S54),"") -> 11.1 | AF54: =IF(V54="","",VLOOKUP(V54,Assumptions!$B$6:$C$9,2,FALSE())) -> 4 | AG54: =IF(W54="","",VLOOKUP(W54,Assumptions!$B$6:$C$9,2,FALSE())) -> 4 | AH54: =IF(X54="","",VLOOKUP(X54,Assumptions!$B$6:$C$9,2,FALSE())) -> 4 | AI54: =IF(Y54="","",VLOOKUP(Y54,Assumptions!$B$6:$C$9,2,FALSE())) -> 4 | AJ54: =IF(Z54="","",VLOOKUP(Z54,Assumptions!$B$6:$C$9,2,FALSE())) -> 4 | AK54: =IFERROR(ROUND(AVERAGE(AF54:AJ54),3),"") -> 4 | AL54: =IF(OR(AF54="",AJ54=""),"",AJ54-AF54) -> 0 | AM54: =IF(COUNT(AF54:AJ54)>=2,ROUND(_xlfn.STDEV.S(AF54:AJ54),3),"") -> 0 | AN54: =ROUND((IF(AF54="",0,AF54)*Assumptions!$F$15)+(IF(AG54="",0,AG54)*Assumptions!$F$16)+(IF(AH54="",0,AH54)*Assumptions!$F$17)+(IF(AI54="",0,AI54)*Assumptions!$F$18)+(IF(AJ54="",0,AJ54)*Assumptions!$F$19),3) -> 4 | AO54: =IF(AC54<=20,"",IF(AC54<=Assumptions!$F$6,"20-30",IF(AC54<=Assumptions!$F$7,"30-40",IF(AC54<=Assumptions!$F$8,"40-50",IF(AC54<=Assumptions!$F$9,"50-60",IF(AC54<=Assumptions!$F$10,"60+","")))))) -> 30-40 | AP54: =IFERROR(VLOOKUP(O54,Assumptions!$B$14:$C$26,2,FALSE()),"Other") -> Manager | AQ54: =IF(T54="",0,1) -> 0 | AR54: =IF(U54="",0,1) -> 1 | AS54: =IF(AK54="","",IF(MAX($AK$2:$AK$921)=MIN($AK$2:$AK$921),50,ROUND((AK54-MIN($AK$2:$AK$921))/(MAX($AK$2:$AK$921)-MIN($AK$2:$AK$921))*100,2))) -> 100 | AT54: =IF(MAX($BC$2:$BC$921)=MIN($BC$2:$BC$921),50,ROUND((BC54-MIN($BC$2:$BC$921))/(MAX($BC$2:$BC$921)-MIN($BC$2:$BC$921))*100,2)) -> 50 | AU54: =IF(MAX($BE$2:$BE$921)=MIN($BE$2:$BE$921),50,ROUND((BE54-MIN($BE$2:$BE$921))/(MAX($BE$2:$BE$921)-MIN($BE$2:$BE$921))*100,2)) -> 100 | AV54: =IF(MAX($AD$2:$AD$921)=MIN($AD$2:$AD$921),50,ROUND((AD54-MIN($AD$2:$AD$921))/(MAX($AD$2:$AD$921)-MIN($AD$2:$AD$921))*100,2)) -> 22.53 | AW54: =IF(MAX($AN$2:$AN$921)=MIN($AN$2:$AN$921),50,ROUND((AN54-MIN($AN$2:$AN$921))/(MAX($AN$2:$AN$921)-MIN($AN$2:$AN$921))*100,2)) -> 100 | AX54: =AQ54*100 -> 0 | AY54: =AR54*100 -> 100 | AZ54: =IFERROR(ROUND(AS54*Assumptions!$I$6+AW54*Assumptions!$I$7+AT54*Assumptions!$I$8+AU54*Assumptions!$I$9+AV54*Assumptions!$I$10+AX54*Assumptions!$I$11+AY54*Assumptions!$I$12,2),"") -> 79.75 | BA54: =IF(AZ54="","",IF(AZ54<=Assumptions!$I$18,"Below Expectation",IF(AZ54<=Assumptions!$I$19,"Developing",IF(AZ54<=Assumptions!$I$20,"Meets Expectation",IF(AZ54<=Assumptions!$I$21,"Exceeds","Star Performer"))))) -> Exceeds | BB54: =IF(AZ54="",0,IF(AZ54>=Assumptions!$I$26,1,0)) -> 1 | BC54: =IF(AL54="",2,AL54+2) -> 2 | BD54: =IF(AM54="",ROUND(AVERAGE($AM$2:$AM$921),3),AM54) -> 0 | BE54: =1-BD54 -> 1
A55: 97 | B55: 10027040 | C55: IT Infrastructure | D55: Mr. Manish R Patel | E55: Collaboration Tools | F55: Head - IT Infrastructure | G55: 24281818 | H55: Head IT Infrastructure | I55: Bharat Bhushan | J55: Ms. Sudeshna Das | K55: Marrd. | L55: 39554 | M55: 42.10 | N55: 30510 | O55: Asst. Vice President | P55: Asst. Vice - President | Q55: 18.1 | R55: 1.4 | S55: 19.5 | T55: 43405 | U55: 45017 | V55: A* | W55: A* | X55: A* | Y55: A+ | Z55: A* | AA55: BE-Electronics Engg-2006(FT) | AB55: =IFERROR(VALUE(R55),0) -> 1.4 | AC55: =IFERROR(VALUE(M55),"") -> 42.1 | AD55: =IFERROR(VALUE(Q55),"") -> 18.1 | AE55: =IFERROR(VALUE(S55),"") -> 19.5 | AF55: =IF(V55="","",VLOOKUP(V55,Assumptions!$B$6:$C$9,2,FALSE())) -> 4 | AG55: =IF(W55="","",VLOOKUP(W55,Assumptions!$B$6:$C$9,2,FALSE())) -> 4 | AH55: =IF(X55="","",VLOOKUP(X55,Assumptions!$B$6:$C$9,2,FALSE())) -> 4 | AI55: =IF(Y55="","",VLOOKUP(Y55,Assumptions!$B$6:$C$9,2,FALSE())) -> 3 | AJ55: =IF(Z55="","",VLOOKUP(Z55,Assumptions!$B$6:$C$9,2,FALSE())) -> 4 | AK55: =IFERROR(ROUND(AVERAGE(AF55:AJ55),3),"") -> 3.8 | AL55: =IF(OR(AF55="",AJ55=""),"",AJ55-AF55) -> 0 | AM55: =IF(COUNT(AF55:AJ55)>=2,ROUND(_xlfn.STDEV.S(AF55:AJ55),3),"") -> 0.447 | AN55: =ROUND((IF(AF55="",0,AF55)*Assumptions!$F$15)+(IF(AG55="",0,AG55)*Assumptions!$F$16)+(IF(AH55="",0,AH55)*Assumptions!$F$17)+(IF(AI55="",0,AI55)*Assumptions!$F$18)+(IF(AJ55="",0,AJ55)*Assumptions!$F$19),3) -> 3.75 | AO55: =IF(AC55<=20,"",IF(AC55<=Assumptions!$F$6,"20-30",IF(AC55<=Assumptions!$F$7,"30-40",IF(AC55<=Assumptions!$F$8,"40-50",IF(AC55<=Assumptions!$F$9,"50-60",IF(AC55<=Assumptions!$F$10,"60+","")))))) -> 40-50 | AP55: =IFERROR(VLOOKUP(O55,Assumptions!$B$14:$C$26,2,FALSE()),"Other") -> Leadership | AQ55: =IF(T55="",0,1) -> 1 | AR55: =IF(U55="",0,1) -> 1 | AS55: =IF(AK55="","",IF(MAX($AK$2:$AK$921)=MIN($AK$2:$AK$921),50,ROUND((AK55-MIN($AK$2:$AK$921))/(MAX($AK$2:$AK$921)-MIN($AK$2:$AK$921))*100,2))) -> 91.43 | AT55: =IF(MAX($BC$2:$BC$921)=MIN($BC$2:$BC$921),50,ROUND((BC55-MIN($BC$2:$BC$921))/(MAX($BC$2:$BC$921)-MIN($BC$2:$BC$921))*100,2)) -> 50 | AU55: =IF(MAX($BE$2:$BE$921)=MIN($BE$2:$BE$921),50,ROUND((BE55-MIN($BE$2:$BE$921))/(MAX($BE$2:$BE$921)-MIN($BE$2:$BE$921))*100,2)) -> 74.19 | AV55: =IF(MAX($AD$2:$AD$921)=MIN($AD$2:$AD$921),50,ROUND((AD55-MIN($AD$2:$AD$921))/(MAX($AD$2:$AD$921)-MIN($AD$2:$AD$921))*100,2)) -> 48.9 | AW55: =IF(MAX($AN$2:$AN$921)=MIN($AN$2:$AN$921),50,ROUND((AN55-MIN($AN$2:$AN$921))/(MAX($AN$2:$AN$921)-MIN($AN$2:$AN$921))*100,2)) -> 93.75 | AX55: =AQ55*100 -> 100 | AY55: =AR55*100 -> 100 | AZ55: =IFERROR(ROUND(AS55*Assumptions!$I$6+AW55*Assumptions!$I$7+AT55*Assumptions!$I$8+AU55*Assumptions!$I$9+AV55*Assumptions!$I$10+AX55*Assumptions!$I$11+AY55*Assumptions!$I$12,2),"") -> 79.7 | BA55: =IF(AZ55="","",IF(AZ55<=Assumptions!$I$18,"Below Expectation",IF(AZ55<=Assumptions!$I$19,"Developing",IF(AZ55<=Assumptions!$I$20,"Meets Expectation",IF(AZ55<=Assumptions!$I$21,"Exceeds","Star Performer"))))) -> Exceeds | BB55: =IF(AZ55="",0,IF(AZ55>=Assumptions!$I$26,1,0)) -> 1 | BC55: =IF(AL55="",2,AL55+2) -> 2 | BD55: =IF(AM55="",ROUND(AVERAGE($AM$2:$AM$921),3),AM55) -> 0.447 | BE55: =1-BD55 -> 0.553
A56: 386 | B56: 50007755 | C56: JioCX | D56: Mr. Amitesh Srivastava | E56: JioCX Engineering | F56: DevOps Engineer JioCX | G56: 24281798 | H56: Engineer SRE | I56: Bharat Bhushan | J56: Ms. Arya Khamparia | K56: Marrd. | L56: 40416 | M56: 38.1 | N56: 32253 | O56: Sr.Manager | P56: Sr. Manager | Q56: 15.9 | R56: . | S56: 15.9 | T56: 42461 | U56: 45992 | V56: A+ | W56: A+ | X56: A* | Y56: A* | Z56: A* | AA56: BTech--2010 | AB56: =IFERROR(VALUE(R56),0) -> 0 | AC56: =IFERROR(VALUE(M56),"") -> 38.1 | AD56: =IFERROR(VALUE(Q56),"") -> 15.9 | AE56: =IFERROR(VALUE(S56),"") -> 15.9 | AF56: =IF(V56="","",VLOOKUP(V56,Assumptions!$B$6:$C$9,2,FALSE())) -> 3 | AG56: =IF(W56="","",VLOOKUP(W56,Assumptions!$B$6:$C$9,2,FALSE())) -> 3 | AH56: =IF(X56="","",VLOOKUP(X56,Assumptions!$B$6:$C$9,2,FALSE())) -> 4 | AI56: =IF(Y56="","",VLOOKUP(Y56,Assumptions!$B$6:$C$9,2,FALSE())) -> 4 | AJ56: =IF(Z56="","",VLOOKUP(Z56,Assumptions!$B$6:$C$9,2,FALSE())) -> 4 | AK56: =IFERROR(ROUND(AVERAGE(AF56:AJ56),3),"") -> 3.6 | AL56: =IF(OR(AF56="",AJ56=""),"",AJ56-AF56) -> 1 | AM56: =IF(COUNT(AF56:AJ56)>=2,ROUND(_xlfn.STDEV.S(AF56:AJ56),3),"") -> 0.548 | AN56: =ROUND((IF(AF56="",0,AF56)*Assumptions!$F$15)+(IF(AG56="",0,AG56)*Assumptions!$F$16)+(IF(AH56="",0,AH56)*Assumptions!$F$17)+(IF(AI56="",0,AI56)*Assumptions!$F$18)+(IF(AJ56="",0,AJ56)*Assumptions!$F$19),3) -> 3.75 | AO56: =IF(AC56<=20,"",IF(AC56<=Assumptions!$F$6,"20-30",IF(AC56<=Assumptions!$F$7,"30-40",IF(AC56<=Assumptions!$F$8,"40-50",IF(AC56<=Assumptions!$F$9,"50-60",IF(AC56<=Assumptions!$F$10,"60+","")))))) -> 30-40 | AP56: =IFERROR(VLOOKUP(O56,Assumptions!$B$14:$C$26,2,FALSE()),"Other") -> Manager | AQ56: =IF(T56="",0,1) -> 1 | AR56: =IF(U56="",0,1) -> 1 | AS56: =IF(AK56="","",IF(MAX($AK$2:$AK$921)=MIN($AK$2:$AK$921),50,ROUND((AK56-MIN($AK$2:$AK$921))/(MAX($AK$2:$AK$921)-MIN($AK$2:$AK$921))*100,2))) -> 82.85 | AT56: =IF(MAX($BC$2:$BC$921)=MIN($BC$2:$BC$921),50,ROUND((BC56-MIN($BC$2:$BC$921))/(MAX($BC$2:$BC$921)-MIN($BC$2:$BC$921))*100,2)) -> 75 | AU56: =IF(MAX($BE$2:$BE$921)=MIN($BE$2:$BE$921),50,ROUND((BE56-MIN($BE$2:$BE$921))/(MAX($BE$2:$BE$921)-MIN($BE$2:$BE$921))*100,2)) -> 68.36 | AV56: =IF(MAX($AD$2:$AD$921)=MIN($AD$2:$AD$921),50,ROUND((AD56-MIN($AD$2:$AD$921))/(MAX($AD$2:$AD$921)-MIN($AD$2:$AD$921))*100,2)) -> 42.92 | AW56: =IF(MAX($AN$2:$AN$921)=MIN($AN$2:$AN$921),50,ROUND((AN56-MIN($AN$2:$AN$921))/(MAX($AN$2:$AN$921)-MIN($AN$2:$AN$921))*100,2)) -> 93.75 | AX56: =AQ56*100 -> 100 | AY56: =AR56*100 -> 100 | AZ56: =IFERROR(ROUND(AS56*Assumptions!$I$6+AW56*Assumptions!$I$7+AT56*Assumptions!$I$8+AU56*Assumptions!$I$9+AV56*Assumptions!$I$10+AX56*Assumptions!$I$11+AY56*Assumptions!$I$12,2),"") -> 79.4 | BA56: =IF(AZ56="","",IF(AZ56<=Assumptions!$I$18,"Below Expectation",IF(AZ56<=Assumptions!$I$19,"Developing",IF(AZ56<=Assumptions!$I$20,"Meets Expectation",IF(AZ56<=Assumptions!$I$21,"Exceeds","Star Performer"))))) -> Exceeds | BB56: =IF(AZ56="",0,IF(AZ56>=Assumptions!$I$26,1,0)) -> 1 | BC56: =IF(AL56="",2,AL56+2) -> 3 | BD56: =IF(AM56="",ROUND(AVERAGE($AM$2:$AM$921),3),AM56) -> 0.548 | BE56: =1-BD56 -> 0.452
A57: 27 | B57: 1156001 | C57: DD&P E&M IT | D57: Mr. K Sundara Raghavan | E57: DD&P E&M IT | F57: Director - Engineering & Tech | G57: 24281719 | H57: Chief Engineering & Tech | I57: Bharat Bhushan | J57: Mr. Hemant Jain | K57: Marrd. | L57: 35562 | M57: 59.0 | N57: 24619 | O57: Sr.Vice President | P57: Sr. Vice - President | Q57: 29 | R57: 5 | S57: 34.0 | T57: 39173 | U57: 44440 | V57: A+ | W57: A+ | X57: A+ | Y57: A* | Z57: A* | AA57: ACA-Accounts-1990(CO),BCom-Commerce-1987 | AB57: =IFERROR(VALUE(R57),0) -> 5 | AC57: =IFERROR(VALUE(M57),"") -> 59 | AD57: =IFERROR(VALUE(Q57),"") -> 29 | AE57: =IFERROR(VALUE(S57),"") -> 34 | AF57: =IF(V57="","",VLOOKUP(V57,Assumptions!$B$6:$C$9,2,FALSE())) -> 3 | AG57: =IF(W57="","",VLOOKUP(W57,Assumptions!$B$6:$C$9,2,FALSE())) -> 3 | AH57: =IF(X57="","",VLOOKUP(X57,Assumptions!$B$6:$C$9,2,FALSE())) -> 3 | AI57: =IF(Y57="","",VLOOKUP(Y57,Assumptions!$B$6:$C$9,2,FALSE())) -> 4 | AJ57: =IF(Z57="","",VLOOKUP(Z57,Assumptions!$B$6:$C$9,2,FALSE())) -> 4 | AK57: =IFERROR(ROUND(AVERAGE(AF57:AJ57),3),"") -> 3.4 | AL57: =IF(OR(AF57="",AJ57=""),"",AJ57-AF57) -> 1 | AM57: =IF(COUNT(AF57:AJ57)>=2,ROUND(_xlfn.STDEV.S(AF57:AJ57),3),"") -> 0.548 | AN57: =ROUND((IF(AF57="",0,AF57)*Assumptions!$F$15)+(IF(AG57="",0,AG57)*Assumptions!$F$16)+(IF(AH57="",0,AH57)*Assumptions!$F$17)+(IF(AI57="",0,AI57)*Assumptions!$F$18)+(IF(AJ57="",0,AJ57)*Assumptions!$F$19),3) -> 3.55 | AO57: =IF(AC57<=20,"",IF(AC57<=Assumptions!$F$6,"20-30",IF(AC57<=Assumptions!$F$7,"30-40",IF(AC57<=Assumptions!$F$8,"40-50",IF(AC57<=Assumptions!$F$9,"50-60",IF(AC57<=Assumptions!$F$10,"60+","")))))) -> 50-60 | AP57: =IFERROR(VLOOKUP(O57,Assumptions!$B$14:$C$26,2,FALSE()),"Other") -> Leadership | AQ57: =IF(T57="",0,1) -> 1 | AR57: =IF(U57="",0,1) -> 1 | AS57: =IF(AK57="","",IF(MAX($AK$2:$AK$921)=MIN($AK$2:$AK$921),50,ROUND((AK57-MIN($AK$2:$AK$921))/(MAX($AK$2:$AK$921)-MIN($AK$2:$AK$921))*100,2))) -> 74.28 | AT57: =IF(MAX($BC$2:$BC$921)=MIN($BC$2:$BC$921),50,ROUND((BC57-MIN($BC$2:$BC$921))/(MAX($BC$2:$BC$921)-MIN($BC$2:$BC$921))*100,2)) -> 75 | AU57: =IF(MAX($BE$2:$BE$921)=MIN($BE$2:$BE$921),50,ROUND((BE57-MIN($BE$2:$BE$921))/(MAX($BE$2:$BE$921)-MIN($BE$2:$BE$921))*100,2)) -> 68.36 | AV57: =IF(MAX($AD$2:$AD$921)=MIN($AD$2:$AD$921),50,ROUND((AD57-MIN($AD$2:$AD$921))/(MAX($AD$2:$AD$921)-MIN($AD$2:$AD$921))*100,2)) -> 78.53 | AW57: =IF(MAX($AN$2:$AN$921)=MIN($AN$2:$AN$921),50,ROUND((AN57-MIN($AN$2:$AN$921))/(MAX($AN$2:$AN$921)-MIN($AN$2:$AN$921))*100,2)) -> 88.75 | AX57: =AQ57*100 -> 100 | AY57: =AR57*100 -> 100 | AZ57: =IFERROR(ROUND(AS57*Assumptions!$I$6+AW57*Assumptions!$I$7+AT57*Assumptions!$I$8+AU57*Assumptions!$I$9+AV57*Assumptions!$I$10+AX57*Assumptions!$I$11+AY57*Assumptions!$I$12,2),"") -> 79.39 | BA57: =IF(AZ57="","",IF(AZ57<=Assumptions!$I$18,"Below Expectation",IF(AZ57<=Assumptions!$I$19,"Developing",IF(AZ57<=Assumptions!$I$20,"Meets Expectation",IF(AZ57<=Assumptions!$I$21,"Exceeds","Star Performer"))))) -> Exceeds | BB57: =IF(AZ57="",0,IF(AZ57>=Assumptions!$I$26,1,0)) -> 1 | BC57: =IF(AL57="",2,AL57+2) -> 3 | BD57: =IF(AM57="",ROUND(AVERAGE($AM$2:$AM$921),3),AM57) -> 0.548 | BE57: =1-BD57 -> 0.452
A58: 299 | B58: 10071324 | C58: Enterprise Application Management | D58: Mr. Kiran Sutar | E58: E&M IT Petchem | F58: Software Development Engineer III | G58: 24281765 | H58: Software Development Engineer III | I58: Bharat Bhushan | J58: Mr. Hemant Jain | K58: Marrd. | L58: 43815 | M58: 35.10 | N58: 33081 | O58: Sr.Manager | P58: Sr. Manager | Q58: 6.5 | R58: 6.4 | S58: 12.9 | U58: 46113 | V58: A* | W58: A* | X58: A* | Y58: A* | Z58: A* | AA58: BE-Computer Engg-2012(FT),HSC/Intermediate/Pre-University-Mathematics-2008(FT),SSC/XTH STD/SSLC-Others-2006(FT) | AB58: =IFERROR(VALUE(R58),0) -> 6.4 | AC58: =IFERROR(VALUE(M58),"") -> 35.1 | AD58: =IFERROR(VALUE(Q58),"") -> 6.5 | AE58: =IFERROR(VALUE(S58),"") -> 12.9 | AF58: =IF(V58="","",VLOOKUP(V58,Assumptions!$B$6:$C$9,2,FALSE())) -> 4 | AG58: =IF(W58="","",VLOOKUP(W58,Assumptions!$B$6:$C$9,2,FALSE())) -> 4 | AH58: =IF(X58="","",VLOOKUP(X58,Assumptions!$B$6:$C$9,2,FALSE())) -> 4 | AI58: =IF(Y58="","",VLOOKUP(Y58,Assumptions!$B$6:$C$9,2,FALSE())) -> 4 | AJ58: =IF(Z58="","",VLOOKUP(Z58,Assumptions!$B$6:$C$9,2,FALSE())) -> 4 | AK58: =IFERROR(ROUND(AVERAGE(AF58:AJ58),3),"") -> 4 | AL58: =IF(OR(AF58="",AJ58=""),"",AJ58-AF58) -> 0 | AM58: =IF(COUNT(AF58:AJ58)>=2,ROUND(_xlfn.STDEV.S(AF58:AJ58),3),"") -> 0 | AN58: =ROUND((IF(AF58="",0,AF58)*Assumptions!$F$15)+(IF(AG58="",0,AG58)*Assumptions!$F$16)+(IF(AH58="",0,AH58)*Assumptions!$F$17)+(IF(AI58="",0,AI58)*Assumptions!$F$18)+(IF(AJ58="",0,AJ58)*Assumptions!$F$19),3) -> 4 | AO58: =IF(AC58<=20,"",IF(AC58<=Assumptions!$F$6,"20-30",IF(AC58<=Assumptions!$F$7,"30-40",IF(AC58<=Assumptions!$F$8,"40-50",IF(AC58<=Assumptions!$F$9,"50-60",IF(AC58<=Assumptions!$F$10,"60+","")))))) -> 30-40 | AP58: =IFERROR(VLOOKUP(O58,Assumptions!$B$14:$C$26,2,FALSE()),"Other") -> Manager | AQ58: =IF(T58="",0,1) -> 0 | AR58: =IF(U58="",0,1) -> 1 | AS58: =IF(AK58="","",IF(MAX($AK$2:$AK$921)=MIN($AK$2:$AK$921),50,ROUND((AK58-MIN($AK$2:$AK$921))/(MAX($AK$2:$AK$921)-MIN($AK$2:$AK$921))*100,2))) -> 100 | AT58: =IF(MAX($BC$2:$BC$921)=MIN($BC$2:$BC$921),50,ROUND((BC58-MIN($BC$2:$BC$921))/(MAX($BC$2:$BC$921)-MIN($BC$2:$BC$921))*100,2)) -> 50 | AU58: =IF(MAX($BE$2:$BE$921)=MIN($BE$2:$BE$921),50,ROUND((BE58-MIN($BE$2:$BE$921))/(MAX($BE$2:$BE$921)-MIN($BE$2:$BE$921))*100,2)) -> 100 | AV58: =IF(MAX($AD$2:$AD$921)=MIN($AD$2:$AD$921),50,ROUND((AD58-MIN($AD$2:$AD$921))/(MAX($AD$2:$AD$921)-MIN($AD$2:$AD$921))*100,2)) -> 17.37 | AW58: =IF(MAX($AN$2:$AN$921)=MIN($AN$2:$AN$921),50,ROUND((AN58-MIN($AN$2:$AN$921))/(MAX($AN$2:$AN$921)-MIN($AN$2:$AN$921))*100,2)) -> 100 | AX58: =AQ58*100 -> 0 | AY58: =AR58*100 -> 100 | AZ58: =IFERROR(ROUND(AS58*Assumptions!$I$6+AW58*Assumptions!$I$7+AT58*Assumptions!$I$8+AU58*Assumptions!$I$9+AV58*Assumptions!$I$10+AX58*Assumptions!$I$11+AY58*Assumptions!$I$12,2),"") -> 79.24 | BA58: =IF(AZ58="","",IF(AZ58<=Assumptions!$I$18,"Below Expectation",IF(AZ58<=Assumptions!$I$19,"Developing",IF(AZ58<=Assumptions!$I$20,"Meets Expectation",IF(AZ58<=Assumptions!$I$21,"Exceeds","Star Performer"))))) -> Exceeds | BB58: =IF(AZ58="",0,IF(AZ58>=Assumptions!$I$26,1,0)) -> 1 | BC58: =IF(AL58="",2,AL58+2) -> 2 | BD58: =IF(AM58="",ROUND(AVERAGE($AM$2:$AM$921),3),AM58) -> 0 | BE58: =1-BD58 -> 1
A59: 98 | B59: 10027048 | C59: IT Infrastructure | D59: Mr. Atul Nirabhawane | E59: Enterprise IDC & Cloud | F59: Senior Engineer IT Infrastructure | G59: 24281815 | H59: Senior Engineer IT Infrastructure | I59: Bharat Bhushan | J59: Ms. Sudeshna Das | K59: Marrd. | L59: 39560 | M59: 47.4 | N59: 28866 | O59: DGM | P59: Dy. General Manager | Q59: 18.1 | R59: 4.7 | S59: 22.8 | U59: 45748 | V59: A+ | W59: A* | X59: A* | Y59: A* | Z59: A* | AA59: Diploma - Engineering-Instrumentation-1999 | AB59: =IFERROR(VALUE(R59),0) -> 4.7 | AC59: =IFERROR(VALUE(M59),"") -> 47.4 | AD59: =IFERROR(VALUE(Q59),"") -> 18.1 | AE59: =IFERROR(VALUE(S59),"") -> 22.8 | AF59: =IF(V59="","",VLOOKUP(V59,Assumptions!$B$6:$C$9,2,FALSE())) -> 3 | AG59: =IF(W59="","",VLOOKUP(W59,Assumptions!$B$6:$C$9,2,FALSE())) -> 4 | AH59: =IF(X59="","",VLOOKUP(X59,Assumptions!$B$6:$C$9,2,FALSE())) -> 4 | AI59: =IF(Y59="","",VLOOKUP(Y59,Assumptions!$B$6:$C$9,2,FALSE())) -> 4 | AJ59: =IF(Z59="","",VLOOKUP(Z59,Assumptions!$B$6:$C$9,2,FALSE())) -> 4 | AK59: =IFERROR(ROUND(AVERAGE(AF59:AJ59),3),"") -> 3.8 | AL59: =IF(OR(AF59="",AJ59=""),"",AJ59-AF59) -> 1 | AM59: =IF(COUNT(AF59:AJ59)>=2,ROUND(_xlfn.STDEV.S(AF59:AJ59),3),"") -> 0.447 | AN59: =ROUND((IF(AF59="",0,AF59)*Assumptions!$F$15)+(IF(AG59="",0,AG59)*Assumptions!$F$16)+(IF(AH59="",0,AH59)*Assumptions!$F$17)+(IF(AI59="",0,AI59)*Assumptions!$F$18)+(IF(AJ59="",0,AJ59)*Assumptions!$F$19),3) -> 3.9 | AO59: =IF(AC59<=20,"",IF(AC59<=Assumptions!$F$6,"20-30",IF(AC59<=Assumptions!$F$7,"30-40",IF(AC59<=Assumptions!$F$8,"40-50",IF(AC59<=Assumptions!$F$9,"50-60",IF(AC59<=Assumptions!$F$10,"60+","")))))) -> 40-50 | AP59: =IFERROR(VLOOKUP(O59,Assumptions!$B$14:$C$26,2,FALSE()),"Other") -> Manager | AQ59: =IF(T59="",0,1) -> 0 | AR59: =IF(U59="",0,1) -> 1 | AS59: =IF(AK59="","",IF(MAX($AK$2:$AK$921)=MIN($AK$2:$AK$921),50,ROUND((AK59-MIN($AK$2:$AK$921))/(MAX($AK$2:$AK$921)-MIN($AK$2:$AK$921))*100,2))) -> 91.43 | AT59: =IF(MAX($BC$2:$BC$921)=MIN($BC$2:$BC$921),50,ROUND((BC59-MIN($BC$2:$BC$921))/(MAX($BC$2:$BC$921)-MIN($BC$2:$BC$921))*100,2)) -> 75 | AU59: =IF(MAX($BE$2:$BE$921)=MIN($BE$2:$BE$921),50,ROUND((BE59-MIN($BE$2:$BE$921))/(MAX($BE$2:$BE$921)-MIN($BE$2:$BE$921))*100,2)) -> 74.19 | AV59: =IF(MAX($AD$2:$AD$921)=MIN($AD$2:$AD$921),50,ROUND((AD59-MIN($AD$2:$AD$921))/(MAX($AD$2:$AD$921)-MIN($AD$2:$AD$921))*100,2)) -> 48.9 | AW59: =IF(MAX($AN$2:$AN$921)=MIN($AN$2:$AN$921),50,ROUND((AN59-MIN($AN$2:$AN$921))/(MAX($AN$2:$AN$921)-MIN($AN$2:$AN$921))*100,2)) -> 97.5 | AX59: =AQ59*100 -> 0 | AY59: =AR59*100 -> 100 | AZ59: =IFERROR(ROUND(AS59*Assumptions!$I$6+AW59*Assumptions!$I$7+AT59*Assumptions!$I$8+AU59*Assumptions!$I$9+AV59*Assumptions!$I$10+AX59*Assumptions!$I$11+AY59*Assumptions!$I$12,2),"") -> 79.2 | BA59: =IF(AZ59="","",IF(AZ59<=Assumptions!$I$18,"Below Expectation",IF(AZ59<=Assumptions!$I$19,"Developing",IF(AZ59<=Assumptions!$I$20,"Meets Expectation",IF(AZ59<=Assumptions!$I$21,"Exceeds","Star Performer"))))) -> Exceeds | BB59: =IF(AZ59="",0,IF(AZ59>=Assumptions!$I$26,1,0)) -> 1 | BC59: =IF(AL59="",2,AL59+2) -> 3 | BD59: =IF(AM59="",ROUND(AVERAGE($AM$2:$AM$921),3),AM59) -> 0.447 | BE59: =1-BD59 -> 0.553
A60: 307 | B60: 10072030 | C60: JioCX | D60: Mr. Nitin Sharma | E60: JioCX Engineering | F60: Software Developer JioCX | G60: 24281765 | H60: Software Development Engineer III | I60: Bharat Bhushan | J60: Ms. Arya Khamparia | K60: Marrd. | L60: 43885 | M60: 31.10 | N60: 34534 | O60: Sr.Manager | P60: Sr. Manager | Q60: 6.3 | R60: 4.8 | S60: 10.11 | U60: 45870 | V60: A* | W60: A* | X60: A* | Y60: A* | Z60: A* | AA60: BE-Computer Engg-2015(FT),HSC/Intermediate/Pre-University-Science-2011(FT),SSC/XTH STD/SSLC-Upper Primary Education-2009(FT) | AB60: =IFERROR(VALUE(R60),0) -> 4.8 | AC60: =IFERROR(VALUE(M60),"") -> 31.1 | AD60: =IFERROR(VALUE(Q60),"") -> 6.3 | AE60: =IFERROR(VALUE(S60),"") -> 10.11 | AF60: =IF(V60="","",VLOOKUP(V60,Assumptions!$B$6:$C$9,2,FALSE())) -> 4 | AG60: =IF(W60="","",VLOOKUP(W60,Assumptions!$B$6:$C$9,2,FALSE())) -> 4 | AH60: =IF(X60="","",VLOOKUP(X60,Assumptions!$B$6:$C$9,2,FALSE())) -> 4 | AI60: =IF(Y60="","",VLOOKUP(Y60,Assumptions!$B$6:$C$9,2,FALSE())) -> 4 | AJ60: =IF(Z60="","",VLOOKUP(Z60,Assumptions!$B$6:$C$9,2,FALSE())) -> 4 | AK60: =IFERROR(ROUND(AVERAGE(AF60:AJ60),3),"") -> 4 | AL60: =IF(OR(AF60="",AJ60=""),"",AJ60-AF60) -> 0 | AM60: =IF(COUNT(AF60:AJ60)>=2,ROUND(_xlfn.STDEV.S(AF60:AJ60),3),"") -> 0 | AN60: =ROUND((IF(AF60="",0,AF60)*Assumptions!$F$15)+(IF(AG60="",0,AG60)*Assumptions!$F$16)+(IF(AH60="",0,AH60)*Assumptions!$F$17)+(IF(AI60="",0,AI60)*Assumptions!$F$18)+(IF(AJ60="",0,AJ60)*Assumptions!$F$19),3) -> 4 | AO60: =IF(AC60<=20,"",IF(AC60<=Assumptions!$F$6,"20-30",IF(AC60<=Assumptions!$F$7,"30-40",IF(AC60<=Assumptions!$F$8,"40-50",IF(AC60<=Assumptions!$F$9,"50-60",IF(AC60<=Assumptions!$F$10,"60+","")))))) -> 30-40 | AP60: =IFERROR(VLOOKUP(O60,Assumptions!$B$14:$C$26,2,FALSE()),"Other") -> Manager | AQ60: =IF(T60="",0,1) -> 0 | AR60: =IF(U60="",0,1) -> 1 | AS60: =IF(AK60="","",IF(MAX($AK$2:$AK$921)=MIN($AK$2:$AK$921),50,ROUND((AK60-MIN($AK$2:$AK$921))/(MAX($AK$2:$AK$921)-MIN($AK$2:$AK$921))*100,2))) -> 100 | AT60: =IF(MAX($BC$2:$BC$921)=MIN($BC$2:$BC$921),50,ROUND((BC60-MIN($BC$2:$BC$921))/(MAX($BC$2:$BC$921)-MIN($BC$2:$BC$921))*100,2)) -> 50 | AU60: =IF(MAX($BE$2:$BE$921)=MIN($BE$2:$BE$921),50,ROUND((BE60-MIN($BE$2:$BE$921))/(MAX($BE$2:$BE$921)-MIN($BE$2:$BE$921))*100,2)) -> 100 | AV60: =IF(MAX($AD$2:$AD$921)=MIN($AD$2:$AD$921),50,ROUND((AD60-MIN($AD$2:$AD$921))/(MAX($AD$2:$AD$921)-MIN($AD$2:$AD$921))*100,2)) -> 16.83 | AW60: =IF(MAX($AN$2:$AN$921)=MIN($AN$2:$AN$921),50,ROUND((AN60-MIN($AN$2:$AN$921))/(MAX($AN$2:$AN$921)-MIN($AN$2:$AN$921))*100,2)) -> 100 | AX60: =AQ60*100 -> 0 | AY60: =AR60*100 -> 100 | AZ60: =IFERROR(ROUND(AS60*Assumptions!$I$6+AW60*Assumptions!$I$7+AT60*Assumptions!$I$8+AU60*Assumptions!$I$9+AV60*Assumptions!$I$10+AX60*Assumptions!$I$11+AY60*Assumptions!$I$12,2),"") -> 79.18 | BA60: =IF(AZ60="","",IF(AZ60<=Assumptions!$I$18,"Below Expectation",IF(AZ60<=Assumptions!$I$19,"Developing",IF(AZ60<=Assumptions!$I$20,"Meets Expectation",IF(AZ60<=Assumptions!$I$21,"Exceeds","Star Performer"))))) -> Exceeds | BB60: =IF(AZ60="",0,IF(AZ60>=Assumptions!$I$26,1,0)) -> 1 | BC60: =IF(AL60="",2,AL60+2) -> 2 | BD60: =IF(AM60="",ROUND(AVERAGE($AM$2:$AM$921),3),AM60) -> 0 | BE60: =1-BD60 -> 1
A61: 390 | B61: 50007773 | C61: IT Infrastructure | D61: Mr. Makrand Patil | E61: Identity & Access Management | F61: Lead IT Infrastructure | G61: 24281816 | H61: Lead IT Infrastructure | I61: Bharat Bhushan | J61: Ms. Sudeshna Das | K61: Marrd. | L61: 40422 | M61: 48.4 | N61: 28504 | O61: DGM | P61: Dy. General Manager | Q61: 15.9 | R61: 11.1 | S61: 26.10 | T61: 43451 | U61: 44652 | V61: A+ | W61: A* | X61: A+ | Y61: A* | Z61: A* | AA61: Diploma-Computer Management-1999(PT),Diploma - Engineering-Applied Electronics Engg-1997 | AB61: =IFERROR(VALUE(R61),0) -> 11.1 | AC61: =IFERROR(VALUE(M61),"") -> 48.4 | AD61: =IFERROR(VALUE(Q61),"") -> 15.9 | AE61: =IFERROR(VALUE(S61),"") -> 26.1 | AF61: =IF(V61="","",VLOOKUP(V61,Assumptions!$B$6:$C$9,2,FALSE())) -> 3 | AG61: =IF(W61="","",VLOOKUP(W61,Assumptions!$B$6:$C$9,2,FALSE())) -> 4 | AH61: =IF(X61="","",VLOOKUP(X61,Assumptions!$B$6:$C$9,2,FALSE())) -> 3 | AI61: =IF(Y61="","",VLOOKUP(Y61,Assumptions!$B$6:$C$9,2,FALSE())) -> 4 | AJ61: =IF(Z61="","",VLOOKUP(Z61,Assumptions!$B$6:$C$9,2,FALSE())) -> 4 | AK61: =IFERROR(ROUND(AVERAGE(AF61:AJ61),3),"") -> 3.6 | AL61: =IF(OR(AF61="",AJ61=""),"",AJ61-AF61) -> 1 | AM61: =IF(COUNT(AF61:AJ61)>=2,ROUND(_xlfn.STDEV.S(AF61:AJ61),3),"") -> 0.548 | AN61: =ROUND((IF(AF61="",0,AF61)*Assumptions!$F$15)+(IF(AG61="",0,AG61)*Assumptions!$F$16)+(IF(AH61="",0,AH61)*Assumptions!$F$17)+(IF(AI61="",0,AI61)*Assumptions!$F$18)+(IF(AJ61="",0,AJ61)*Assumptions!$F$19),3) -> 3.7 | AO61: =IF(AC61<=20,"",IF(AC61<=Assumptions!$F$6,"20-30",IF(AC61<=Assumptions!$F$7,"30-40",IF(AC61<=Assumptions!$F$8,"40-50",IF(AC61<=Assumptions!$F$9,"50-60",IF(AC61<=Assumptions!$F$10,"60+","")))))) -> 40-50 | AP61: =IFERROR(VLOOKUP(O61,Assumptions!$B$14:$C$26,2,FALSE()),"Other") -> Manager | AQ61: =IF(T61="",0,1) -> 1 | AR61: =IF(U61="",0,1) -> 1 | AS61: =IF(AK61="","",IF(MAX($AK$2:$AK$921)=MIN($AK$2:$AK$921),50,ROUND((AK61-MIN($AK$2:$AK$921))/(MAX($AK$2:$AK$921)-MIN($AK$2:$AK$921))*100,2))) -> 82.85 | AT61: =IF(MAX($BC$2:$BC$921)=MIN($BC$2:$BC$921),50,ROUND((BC61-MIN($BC$2:$BC$921))/(MAX($BC$2:$BC$921)-MIN($BC$2:$BC$921))*100,2)) -> 75 | AU61: =IF(MAX($BE$2:$BE$921)=MIN($BE$2:$BE$921),50,ROUND((BE61-MIN($BE$2:$BE$921))/(MAX($BE$2:$BE$921)-MIN($BE$2:$BE$921))*100,2)) -> 68.36 | AV61: =IF(MAX($AD$2:$AD$921)=MIN($AD$2:$AD$921),50,ROUND((AD61-MIN($AD$2:$AD$921))/(MAX($AD$2:$AD$921)-MIN($AD$2:$AD$921))*100,2)) -> 42.92 | AW61: =IF(MAX($AN$2:$AN$921)=MIN($AN$2:$AN$921),50,ROUND((AN61-MIN($AN$2:$AN$921))/(MAX($AN$2:$AN$921)-MIN($AN$2:$AN$921))*100,2)) -> 92.5 | AX61: =AQ61*100 -> 100 | AY61: =AR61*100 -> 100 | AZ61: =IFERROR(ROUND(AS61*Assumptions!$I$6+AW61*Assumptions!$I$7+AT61*Assumptions!$I$8+AU61*Assumptions!$I$9+AV61*Assumptions!$I$10+AX61*Assumptions!$I$11+AY61*Assumptions!$I$12,2),"") -> 79.15 | BA61: =IF(AZ61="","",IF(AZ61<=Assumptions!$I$18,"Below Expectation",IF(AZ61<=Assumptions!$I$19,"Developing",IF(AZ61<=Assumptions!$I$20,"Meets Expectation",IF(AZ61<=Assumptions!$I$21,"Exceeds","Star Performer"))))) -> Exceeds | BB61: =IF(AZ61="",0,IF(AZ61>=Assumptions!$I$26,1,0)) -> 1 | BC61: =IF(AL61="",2,AL61+2) -> 3 | BD61: =IF(AM61="",ROUND(AVERAGE($AM$2:$AM$921),3),AM61) -> 0.548 | BE61: =1-BD61 -> 0.452
A62: 319 | B62: 10072499 | C62: JioCX | D62: Ms. Shailvi Desai | E62: JioCX Engineering | F62: Software Developer JioCX | G62: 24281765 | H62: Software Development Engineer III | I62: Bharat Bhushan | J62: Ms. Arya Khamparia | K62: Marrd. | L62: 43955 | M62: 31.6 | N62: 34649 | O62: Sr.Manager | P62: Sr. Manager | Q62: 6.1 | R62: 4 | S62: 10.1 | U62: 45992 | V62: A* | W62: A* | X62: A* | Y62: A* | Z62: A* | AA62: BTech-Computer Engg-2016(FT),HSC/Intermediate/Pre-University-Science-2012(FT),SSC/XTH STD/SSLC-Science-2010(FT) | AB62: =IFERROR(VALUE(R62),0) -> 4 | AC62: =IFERROR(VALUE(M62),"") -> 31.6 | AD62: =IFERROR(VALUE(Q62),"") -> 6.1 | AE62: =IFERROR(VALUE(S62),"") -> 10.1 | AF62: =IF(V62="","",VLOOKUP(V62,Assumptions!$B$6:$C$9,2,FALSE())) -> 4 | AG62: =IF(W62="","",VLOOKUP(W62,Assumptions!$B$6:$C$9,2,FALSE())) -> 4 | AH62: =IF(X62="","",VLOOKUP(X62,Assumptions!$B$6:$C$9,2,FALSE())) -> 4 | AI62: =IF(Y62="","",VLOOKUP(Y62,Assumptions!$B$6:$C$9,2,FALSE())) -> 4 | AJ62: =IF(Z62="","",VLOOKUP(Z62,Assumptions!$B$6:$C$9,2,FALSE())) -> 4 | AK62: =IFERROR(ROUND(AVERAGE(AF62:AJ62),3),"") -> 4 | AL62: =IF(OR(AF62="",AJ62=""),"",AJ62-AF62) -> 0 | AM62: =IF(COUNT(AF62:AJ62)>=2,ROUND(_xlfn.STDEV.S(AF62:AJ62),3),"") -> 0 | AN62: =ROUND((IF(AF62="",0,AF62)*Assumptions!$F$15)+(IF(AG62="",0,AG62)*Assumptions!$F$16)+(IF(AH62="",0,AH62)*Assumptions!$F$17)+(IF(AI62="",0,AI62)*Assumptions!$F$18)+(IF(AJ62="",0,AJ62)*Assumptions!$F$19),3) -> 4 | AO62: =IF(AC62<=20,"",IF(AC62<=Assumptions!$F$6,"20-30",IF(AC62<=Assumptions!$F$7,"30-40",IF(AC62<=Assumptions!$F$8,"40-50",IF(AC62<=Assumptions!$F$9,"50-60",IF(AC62<=Assumptions!$F$10,"60+","")))))) -> 30-40 | AP62: =IFERROR(VLOOKUP(O62,Assumptions!$B$14:$C$26,2,FALSE()),"Other") -> Manager | AQ62: =IF(T62="",0,1) -> 0 | AR62: =IF(U62="",0,1) -> 1 | AS62: =IF(AK62="","",IF(MAX($AK$2:$AK$921)=MIN($AK$2:$AK$921),50,ROUND((AK62-MIN($AK$2:$AK$921))/(MAX($AK$2:$AK$921)-MIN($AK$2:$AK$921))*100,2))) -> 100 | AT62: =IF(MAX($BC$2:$BC$921)=MIN($BC$2:$BC$921),50,ROUND((BC62-MIN($BC$2:$BC$921))/(MAX($BC$2:$BC$921)-MIN($BC$2:$BC$921))*100,2)) -> 50 | AU62: =IF(MAX($BE$2:$BE$921)=MIN($BE$2:$BE$921),50,ROUND((BE62-MIN($BE$2:$BE$921))/(MAX($BE$2:$BE$921)-MIN($BE$2:$BE$921))*100,2)) -> 100 | AV62: =IF(MAX($AD$2:$AD$921)=MIN($AD$2:$AD$921),50,ROUND((AD62-MIN($AD$2:$AD$921))/(MAX($AD$2:$AD$921)-MIN($AD$2:$AD$921))*100,2)) -> 16.28 | AW62: =IF(MAX($AN$2:$AN$921)=MIN($AN$2:$AN$921),50,ROUND((AN62-MIN($AN$2:$AN$921))/(MAX($AN$2:$AN$921)-MIN($AN$2:$AN$921))*100,2)) -> 100 | AX62: =AQ62*100 -> 0 | AY62: =AR62*100 -> 100 | AZ62: =IFERROR(ROUND(AS62*Assumptions!$I$6+AW62*Assumptions!$I$7+AT62*Assumptions!$I$8+AU62*Assumptions!$I$9+AV62*Assumptions!$I$10+AX62*Assumptions!$I$11+AY62*Assumptions!$I$12,2),"") -> 79.13 | BA62: =IF(AZ62="","",IF(AZ62<=Assumptions!$I$18,"Below Expectation",IF(AZ62<=Assumptions!$I$19,"Developing",IF(AZ62<=Assumptions!$I$20,"Meets Expectation",IF(AZ62<=Assumptions!$I$21,"Exceeds","Star Performer"))))) -> Exceeds | BB62: =IF(AZ62="",0,IF(AZ62>=Assumptions!$I$26,1,0)) -> 1 | BC62: =IF(AL62="",2,AL62+2) -> 2 | BD62: =IF(AM62="",ROUND(AVERAGE($AM$2:$AM$921),3),AM62) -> 0 | BE62: =1-BD62 -> 1
A63: 108 | B63: 10033558 | C63: Enterprise Application Management | D63: Mr. Jaikishore Sharma | E63: E&M IT Workplace Services | F63: Lead Architect | G63: 24281722 | H63: Lead Architect | I63: Bharat Bhushan | J63: Mr. Hemant Jain | K63: Marrd. | L63: 41064 | M63: 39.2 | N63: 31872 | O63: General Manager | P63: General Manager | Q63: 14 | R63: 1.11 | S63: 15.11 | T63: 42979 | U63: 46113 | V63: A* | W63: A+ | X63: A* | Y63: A* | Z63: A* | AA63: MBA-Management-2012,BE--2008 | AB63: =IFERROR(VALUE(R63),0) -> 1.11 | AC63: =IFERROR(VALUE(M63),"") -> 39.2 | AD63: =IFERROR(VALUE(Q63),"") -> 14 | AE63: =IFERROR(VALUE(S63),"") -> 15.11 | AF63: =IF(V63="","",VLOOKUP(V63,Assumptions!$B$6:$C$9,2,FALSE())) -> 4 | AG63: =IF(W63="","",VLOOKUP(W63,Assumptions!$B$6:$C$9,2,FALSE())) -> 3 | AH63: =IF(X63="","",VLOOKUP(X63,Assumptions!$B$6:$C$9,2,FALSE())) -> 4 | AI63: =IF(Y63="","",VLOOKUP(Y63,Assumptions!$B$6:$C$9,2,FALSE())) -> 4 | AJ63: =IF(Z63="","",VLOOKUP(Z63,Assumptions!$B$6:$C$9,2,FALSE())) -> 4 | AK63: =IFERROR(ROUND(AVERAGE(AF63:AJ63),3),"") -> 3.8 | AL63: =IF(OR(AF63="",AJ63=""),"",AJ63-AF63) -> 0 | AM63: =IF(COUNT(AF63:AJ63)>=2,ROUND(_xlfn.STDEV.S(AF63:AJ63),3),"") -> 0.447 | AN63: =ROUND((IF(AF63="",0,AF63)*Assumptions!$F$15)+(IF(AG63="",0,AG63)*Assumptions!$F$16)+(IF(AH63="",0,AH63)*Assumptions!$F$17)+(IF(AI63="",0,AI63)*Assumptions!$F$18)+(IF(AJ63="",0,AJ63)*Assumptions!$F$19),3) -> 3.85 | AO63: =IF(AC63<=20,"",IF(AC63<=Assumptions!$F$6,"20-30",IF(AC63<=Assumptions!$F$7,"30-40",IF(AC63<=Assumptions!$F$8,"40-50",IF(AC63<=Assumptions!$F$9,"50-60",IF(AC63<=Assumptions!$F$10,"60+","")))))) -> 30-40 | AP63: =IFERROR(VLOOKUP(O63,Assumptions!$B$14:$C$26,2,FALSE()),"Other") -> Manager | AQ63: =IF(T63="",0,1) -> 1 | AR63: =IF(U63="",0,1) -> 1 | AS63: =IF(AK63="","",IF(MAX($AK$2:$AK$921)=MIN($AK$2:$AK$921),50,ROUND((AK63-MIN($AK$2:$AK$921))/(MAX($AK$2:$AK$921)-MIN($AK$2:$AK$921))*100,2))) -> 91.43 | AT63: =IF(MAX($BC$2:$BC$921)=MIN($BC$2:$BC$921),50,ROUND((BC63-MIN($BC$2:$BC$921))/(MAX($BC$2:$BC$921)-MIN($BC$2:$BC$921))*100,2)) -> 50 | AU63: =IF(MAX($BE$2:$BE$921)=MIN($BE$2:$BE$921),50,ROUND((BE63-MIN($BE$2:$BE$921))/(MAX($BE$2:$BE$921)-MIN($BE$2:$BE$921))*100,2)) -> 74.19 | AV63: =IF(MAX($AD$2:$AD$921)=MIN($AD$2:$AD$921),50,ROUND((AD63-MIN($AD$2:$AD$921))/(MAX($AD$2:$AD$921)-MIN($AD$2:$AD$921))*100,2)) -> 37.75 | AW63: =IF(MAX($AN$2:$AN$921)=MIN($AN$2:$AN$921),50,ROUND((AN63-MIN($AN$2:$AN$921))/(MAX($AN$2:$AN$921)-MIN($AN$2:$AN$921))*100,2)) -> 96.25 | AX63: =AQ63*100 -> 100 | AY63: =AR63*100 -> 100 | AZ63: =IFERROR(ROUND(AS63*Assumptions!$I$6+AW63*Assumptions!$I$7+AT63*Assumptions!$I$8+AU63*Assumptions!$I$9+AV63*Assumptions!$I$10+AX63*Assumptions!$I$11+AY63*Assumptions!$I$12,2),"") -> 79.08 | BA63: =IF(AZ63="","",IF(AZ63<=Assumptions!$I$18,"Below Expectation",IF(AZ63<=Assumptions!$I$19,"Developing",IF(AZ63<=Assumptions!$I$20,"Meets Expectation",IF(AZ63<=Assumptions!$I$21,"Exceeds","Star Performer"))))) -> Exceeds | BB63: =IF(AZ63="",0,IF(AZ63>=Assumptions!$I$26,1,0)) -> 1 | BC63: =IF(AL63="",2,AL63+2) -> 2 | BD63: =IF(AM63="",ROUND(AVERAGE($AM$2:$AM$921),3),AM63) -> 0.447 | BE63: =1-BD63 -> 0.553
A64: 372 | B64: 37102306 | C64: IT Infrastructure | D64: Mr. Sumeet Vashishat | E64: Tools & Automation Services | F64: Senior Engineer IT Infrastructure | G64: 24281815 | H64: Senior Engineer IT Infrastructure | I64: Bharat Bhushan | J64: Ms. Sudeshna Das | K64: Marrd. | L64: 40616 | M64: 47.2 | N64: 28952 | O64: DGM | P64: Dy. General Manager | Q64: 15.2 | R64: 5 | S64: 20.2 | U64: 45748 | V64: A+ | W64: A* | X64: A* | Y64: A* | Z64: A* | AA64: Certificate Course-Project Management-2024(CO),MSc-Information Technology-2003,BCA-Computer Applications-2000 | AB64: =IFERROR(VALUE(R64),0) -> 5 | AC64: =IFERROR(VALUE(M64),"") -> 47.2 | AD64: =IFERROR(VALUE(Q64),"") -> 15.2 | AE64: =IFERROR(VALUE(S64),"") -> 20.2 | AF64: =IF(V64="","",VLOOKUP(V64,Assumptions!$B$6:$C$9,2,FALSE())) -> 3 | AG64: =IF(W64="","",VLOOKUP(W64,Assumptions!$B$6:$C$9,2,FALSE())) -> 4 | AH64: =IF(X64="","",VLOOKUP(X64,Assumptions!$B$6:$C$9,2,FALSE())) -> 4 | AI64: =IF(Y64="","",VLOOKUP(Y64,Assumptions!$B$6:$C$9,2,FALSE())) -> 4 | AJ64: =IF(Z64="","",VLOOKUP(Z64,Assumptions!$B$6:$C$9,2,FALSE())) -> 4 | AK64: =IFERROR(ROUND(AVERAGE(AF64:AJ64),3),"") -> 3.8 | AL64: =IF(OR(AF64="",AJ64=""),"",AJ64-AF64) -> 1 | AM64: =IF(COUNT(AF64:AJ64)>=2,ROUND(_xlfn.STDEV.S(AF64:AJ64),3),"") -> 0.447 | AN64: =ROUND((IF(AF64="",0,AF64)*Assumptions!$F$15)+(IF(AG64="",0,AG64)*Assumptions!$F$16)+(IF(AH64="",0,AH64)*Assumptions!$F$17)+(IF(AI64="",0,AI64)*Assumptions!$F$18)+(IF(AJ64="",0,AJ64)*Assumptions!$F$19),3) -> 3.9 | AO64: =IF(AC64<=20,"",IF(AC64<=Assumptions!$F$6,"20-30",IF(AC64<=Assumptions!$F$7,"30-40",IF(AC64<=Assumptions!$F$8,"40-50",IF(AC64<=Assumptions!$F$9,"50-60",IF(AC64<=Assumptions!$F$10,"60+","")))))) -> 40-50 | AP64: =IFERROR(VLOOKUP(O64,Assumptions!$B$14:$C$26,2,FALSE()),"Other") -> Manager | AQ64: =IF(T64="",0,1) -> 0 | AR64: =IF(U64="",0,1) -> 1 | AS64: =IF(AK64="","",IF(MAX($AK$2:$AK$921)=MIN($AK$2:$AK$921),50,ROUND((AK64-MIN($AK$2:$AK$921))/(MAX($AK$2:$AK$921)-MIN($AK$2:$AK$921))*100,2))) -> 91.43 | AT64: =IF(MAX($BC$2:$BC$921)=MIN($BC$2:$BC$921),50,ROUND((BC64-MIN($BC$2:$BC$921))/(MAX($BC$2:$BC$921)-MIN($BC$2:$BC$921))*100,2)) -> 75 | AU64: =IF(MAX($BE$2:$BE$921)=MIN($BE$2:$BE$921),50,ROUND((BE64-MIN($BE$2:$BE$921))/(MAX($BE$2:$BE$921)-MIN($BE$2:$BE$921))*100,2)) -> 74.19 | AV64: =IF(MAX($AD$2:$AD$921)=MIN($AD$2:$AD$921),50,ROUND((AD64-MIN($AD$2:$AD$921))/(MAX($AD$2:$AD$921)-MIN($AD$2:$AD$921))*100,2)) -> 41.02 | AW64: =IF(MAX($AN$2:$AN$921)=MIN($AN$2:$AN$921),50,ROUND((AN64-MIN($AN$2:$AN$921))/(MAX($AN$2:$AN$921)-MIN($AN$2:$AN$921))*100,2)) -> 97.5 | AX64: =AQ64*100 -> 0 | AY64: =AR64*100 -> 100 | AZ64: =IFERROR(ROUND(AS64*Assumptions!$I$6+AW64*Assumptions!$I$7+AT64*Assumptions!$I$8+AU64*Assumptions!$I$9+AV64*Assumptions!$I$10+AX64*Assumptions!$I$11+AY64*Assumptions!$I$12,2),"") -> 78.41 | BA64: =IF(AZ64="","",IF(AZ64<=Assumptions!$I$18,"Below Expectation",IF(AZ64<=Assumptions!$I$19,"Developing",IF(AZ64<=Assumptions!$I$20,"Meets Expectation",IF(AZ64<=Assumptions!$I$21,"Exceeds","Star Performer"))))) -> Exceeds | BB64: =IF(AZ64="",0,IF(AZ64>=Assumptions!$I$26,1,0)) -> 1 | BC64: =IF(AL64="",2,AL64+2) -> 3 | BD64: =IF(AM64="",ROUND(AVERAGE($AM$2:$AM$921),3),AM64) -> 0.447 | BE64: =1-BD64 -> 0.553
A65: 65 | B65: 10019884 | C65: IT Infrastructure | D65: Mr. Zaheer Mulla | E65: WAN Management Services | F65: Lead IT Infrastructure | G65: 24281816 | H65: Lead IT Infrastructure | I65: Bharat Bhushan | J65: Ms. Sudeshna Das | K65: Marrd. | L65: 37627 | M65: 50.11 | N65: 27554 | O65: DGM | P65: Dy. General Manager | Q65: 23.5 | R65: 4.10 | S65: 28.3 | T65: 40269 | U65: 44470 | V65: A+ | W65: A+ | X65: A+ | Y65: A* | Z65: A* | AA65: Diploma-Electronics & Comm. Engg-1998 | AB65: =IFERROR(VALUE(R65),0) -> 4.1 | AC65: =IFERROR(VALUE(M65),"") -> 50.11 | AD65: =IFERROR(VALUE(Q65),"") -> 23.5 | AE65: =IFERROR(VALUE(S65),"") -> 28.3 | AF65: =IF(V65="","",VLOOKUP(V65,Assumptions!$B$6:$C$9,2,FALSE())) -> 3 | AG65: =IF(W65="","",VLOOKUP(W65,Assumptions!$B$6:$C$9,2,FALSE())) -> 3 | AH65: =IF(X65="","",VLOOKUP(X65,Assumptions!$B$6:$C$9,2,FALSE())) -> 3 | AI65: =IF(Y65="","",VLOOKUP(Y65,Assumptions!$B$6:$C$9,2,FALSE())) -> 4 | AJ65: =IF(Z65="","",VLOOKUP(Z65,Assumptions!$B$6:$C$9,2,FALSE())) -> 4 | AK65: =IFERROR(ROUND(AVERAGE(AF65:AJ65),3),"") -> 3.4 | AL65: =IF(OR(AF65="",AJ65=""),"",AJ65-AF65) -> 1 | AM65: =IF(COUNT(AF65:AJ65)>=2,ROUND(_xlfn.STDEV.S(AF65:AJ65),3),"") -> 0.548 | AN65: =ROUND((IF(AF65="",0,AF65)*Assumptions!$F$15)+(IF(AG65="",0,AG65)*Assumptions!$F$16)+(IF(AH65="",0,AH65)*Assumptions!$F$17)+(IF(AI65="",0,AI65)*Assumptions!$F$18)+(IF(AJ65="",0,AJ65)*Assumptions!$F$19),3) -> 3.55 | AO65: =IF(AC65<=20,"",IF(AC65<=Assumptions!$F$6,"20-30",IF(AC65<=Assumptions!$F$7,"30-40",IF(AC65<=Assumptions!$F$8,"40-50",IF(AC65<=Assumptions!$F$9,"50-60",IF(AC65<=Assumptions!$F$10,"60+","")))))) -> 50-60 | AP65: =IFERROR(VLOOKUP(O65,Assumptions!$B$14:$C$26,2,FALSE()),"Other") -> Manager | AQ65: =IF(T65="",0,1) -> 1 | AR65: =IF(U65="",0,1) -> 1 | AS65: =IF(AK65="","",IF(MAX($AK$2:$AK$921)=MIN($AK$2:$AK$921),50,ROUND((AK65-MIN($AK$2:$AK$921))/(MAX($AK$2:$AK$921)-MIN($AK$2:$AK$921))*100,2))) -> 74.28 | AT65: =IF(MAX($BC$2:$BC$921)=MIN($BC$2:$BC$921),50,ROUND((BC65-MIN($BC$2:$BC$921))/(MAX($BC$2:$BC$921)-MIN($BC$2:$BC$921))*100,2)) -> 75 | AU65: =IF(MAX($BE$2:$BE$921)=MIN($BE$2:$BE$921),50,ROUND((BE65-MIN($BE$2:$BE$921))/(MAX($BE$2:$BE$921)-MIN($BE$2:$BE$921))*100,2)) -> 68.36 | AV65: =IF(MAX($AD$2:$AD$921)=MIN($AD$2:$AD$921),50,ROUND((AD65-MIN($AD$2:$AD$921))/(MAX($AD$2:$AD$921)-MIN($AD$2:$AD$921))*100,2)) -> 63.58 | AW65: =IF(MAX($AN$2:$AN$921)=MIN($AN$2:$AN$921),50,ROUND((AN65-MIN($AN$2:$AN$921))/(MAX($AN$2:$AN$921)-MIN($AN$2:$AN$921))*100,2)) -> 88.75 | AX65: =AQ65*100 -> 100 | AY65: =AR65*100 -> 100 | AZ65: =IFERROR(ROUND(AS65*Assumptions!$I$6+AW65*Assumptions!$I$7+AT65*Assumptions!$I$8+AU65*Assumptions!$I$9+AV65*Assumptions!$I$10+AX65*Assumptions!$I$11+AY65*Assumptions!$I$12,2),"") -> 77.9 | BA65: =IF(AZ65="","",IF(AZ65<=Assumptions!$I$18,"Below Expectation",IF(AZ65<=Assumptions!$I$19,"Developing",IF(AZ65<=Assumptions!$I$20,"Meets Expectation",IF(AZ65<=Assumptions!$I$21,"Exceeds","Star Performer"))))) -> Exceeds | BB65: =IF(AZ65="",0,IF(AZ65>=Assumptions!$I$26,1,0)) -> 1 | BC65: =IF(AL65="",2,AL65+2) -> 3 | BD65: =IF(AM65="",ROUND(AVERAGE($AM$2:$AM$921),3),AM65) -> 0.548 | BE65: =1-BD65 -> 0.452
A66: 36 | B66: 3036301 | C66: Enterprise Security Platform | D66: Ms. Rashmi Bhangale | E66: E&M IT ESP Special Projects | F66: Head Software Development | G66: 24281769 | H66: Head Software Development | I66: Bharat Bhushan | J66: Ms. Sudeshna Das | K66: Marrd. | L66: 37167 | M66: 45.8 | N66: 29483 | O66: Asst. Vice President | P66: Asst. Vice - President | Q66: 24.8 | R66: .2 | S66: 24.10 | T66: 41365 | U66: 43191 | V66: A* | W66: A* | X66: A* | Y66: A* | Z66: A+ | AA66: MBA-Business Management-2018(PT),MCom-Business Management-2008(PT),Others-Computer Applications-2002(PT) | AB66: =IFERROR(VALUE(R66),0) -> 0.2 | AC66: =IFERROR(VALUE(M66),"") -> 45.8 | AD66: =IFERROR(VALUE(Q66),"") -> 24.8 | AE66: =IFERROR(VALUE(S66),"") -> 24.1 | AF66: =IF(V66="","",VLOOKUP(V66,Assumptions!$B$6:$C$9,2,FALSE())) -> 4 | AG66: =IF(W66="","",VLOOKUP(W66,Assumptions!$B$6:$C$9,2,FALSE())) -> 4 | AH66: =IF(X66="","",VLOOKUP(X66,Assumptions!$B$6:$C$9,2,FALSE())) -> 4 | AI66: =IF(Y66="","",VLOOKUP(Y66,Assumptions!$B$6:$C$9,2,FALSE())) -> 4 | AJ66: =IF(Z66="","",VLOOKUP(Z66,Assumptions!$B$6:$C$9,2,FALSE())) -> 3 | AK66: =IFERROR(ROUND(AVERAGE(AF66:AJ66),3),"") -> 3.8 | AL66: =IF(OR(AF66="",AJ66=""),"",AJ66-AF66) -> -1 | AM66: =IF(COUNT(AF66:AJ66)>=2,ROUND(_xlfn.STDEV.S(AF66:AJ66),3),"") -> 0.447 | AN66: =ROUND((IF(AF66="",0,AF66)*Assumptions!$F$15)+(IF(AG66="",0,AG66)*Assumptions!$F$16)+(IF(AH66="",0,AH66)*Assumptions!$F$17)+(IF(AI66="",0,AI66)*Assumptions!$F$18)+(IF(AJ66="",0,AJ66)*Assumptions!$F$19),3) -> 3.7 | AO66: =IF(AC66<=20,"",IF(AC66<=Assumptions!$F$6,"20-30",IF(AC66<=Assumptions!$F$7,"30-40",IF(AC66<=Assumptions!$F$8,"40-50",IF(AC66<=Assumptions!$F$9,"50-60",IF(AC66<=Assumptions!$F$10,"60+","")))))) -> 40-50 | AP66: =IFERROR(VLOOKUP(O66,Assumptions!$B$14:$C$26,2,FALSE()),"Other") -> Leadership | AQ66: =IF(T66="",0,1) -> 1 | AR66: =IF(U66="",0,1) -> 1 | AS66: =IF(AK66="","",IF(MAX($AK$2:$AK$921)=MIN($AK$2:$AK$921),50,ROUND((AK66-MIN($AK$2:$AK$921))/(MAX($AK$2:$AK$921)-MIN($AK$2:$AK$921))*100,2))) -> 91.43 | AT66: =IF(MAX($BC$2:$BC$921)=MIN($BC$2:$BC$921),50,ROUND((BC66-MIN($BC$2:$BC$921))/(MAX($BC$2:$BC$921)-MIN($BC$2:$BC$921))*100,2)) -> 25 | AU66: =IF(MAX($BE$2:$BE$921)=MIN($BE$2:$BE$921),50,ROUND((BE66-MIN($BE$2:$BE$921))/(MAX($BE$2:$BE$921)-MIN($BE$2:$BE$921))*100,2)) -> 74.19 | AV66: =IF(MAX($AD$2:$AD$921)=MIN($AD$2:$AD$921),50,ROUND((AD66-MIN($AD$2:$AD$921))/(MAX($AD$2:$AD$921)-MIN($AD$2:$AD$921))*100,2)) -> 67.11 | AW66: =IF(MAX($AN$2:$AN$921)=MIN($AN$2:$AN$921),50,ROUND((AN66-MIN($AN$2:$AN$921))/(MAX($AN$2:$AN$921)-MIN($AN$2:$AN$921))*100,2)) -> 92.5 | AX66: =AQ66*100 -> 100 | AY66: =AR66*100 -> 100 | AZ66: =IFERROR(ROUND(AS66*Assumptions!$I$6+AW66*Assumptions!$I$7+AT66*Assumptions!$I$8+AU66*Assumptions!$I$9+AV66*Assumptions!$I$10+AX66*Assumptions!$I$11+AY66*Assumptions!$I$12,2),"") -> 77.52 | BA66: =IF(AZ66="","",IF(AZ66<=Assumptions!$I$18,"Below Expectation",IF(AZ66<=Assumptions!$I$19,"Developing",IF(AZ66<=Assumptions!$I$20,"Meets Expectation",IF(AZ66<=Assumptions!$I$21,"Exceeds","Star Performer"))))) -> Exceeds | BB66: =IF(AZ66="",0,IF(AZ66>=Assumptions!$I$26,1,0)) -> 1 | BC66: =IF(AL66="",2,AL66+2) -> 1 | BD66: =IF(AM66="",ROUND(AVERAGE($AM$2:$AM$921),3),AM66) -> 0.447 | BE66: =1-BD66 -> 0.553
A67: 11 | B67: 35414 | C67: IT Infrastructure | D67: Ms. Binita R Nautiyal | E67: End User Services Remote Support Ops | F67: Head - IT Infrastructure | G67: 24281818 | H67: Head IT Infrastructure | I67: Bharat Bhushan | J67: Ms. Sudeshna Das | K67: Marrd. | L67: 36572 | M67: 55.6 | N67: 25888 | O67: Asst. Vice President | P67: Asst. Vice - President | Q67: 26.3 | R67: . | S67: 26.3 | T67: 42917 | V67: A* | W67: A+ | X67: A* | Y67: A* | Z67: A* | AA67: Advance Diploma-Computer Applications-1999(FT),BSc-Science-1995(FT) | AB67: =IFERROR(VALUE(R67),0) -> 0 | AC67: =IFERROR(VALUE(M67),"") -> 55.6 | AD67: =IFERROR(VALUE(Q67),"") -> 26.3 | AE67: =IFERROR(VALUE(S67),"") -> 26.3 | AF67: =IF(V67="","",VLOOKUP(V67,Assumptions!$B$6:$C$9,2,FALSE())) -> 4 | AG67: =IF(W67="","",VLOOKUP(W67,Assumptions!$B$6:$C$9,2,FALSE())) -> 3 | AH67: =IF(X67="","",VLOOKUP(X67,Assumptions!$B$6:$C$9,2,FALSE())) -> 4 | AI67: =IF(Y67="","",VLOOKUP(Y67,Assumptions!$B$6:$C$9,2,FALSE())) -> 4 | AJ67: =IF(Z67="","",VLOOKUP(Z67,Assumptions!$B$6:$C$9,2,FALSE())) -> 4 | AK67: =IFERROR(ROUND(AVERAGE(AF67:AJ67),3),"") -> 3.8 | AL67: =IF(OR(AF67="",AJ67=""),"",AJ67-AF67) -> 0 | AM67: =IF(COUNT(AF67:AJ67)>=2,ROUND(_xlfn.STDEV.S(AF67:AJ67),3),"") -> 0.447 | AN67: =ROUND((IF(AF67="",0,AF67)*Assumptions!$F$15)+(IF(AG67="",0,AG67)*Assumptions!$F$16)+(IF(AH67="",0,AH67)*Assumptions!$F$17)+(IF(AI67="",0,AI67)*Assumptions!$F$18)+(IF(AJ67="",0,AJ67)*Assumptions!$F$19),3) -> 3.85 | AO67: =IF(AC67<=20,"",IF(AC67<=Assumptions!$F$6,"20-30",IF(AC67<=Assumptions!$F$7,"30-40",IF(AC67<=Assumptions!$F$8,"40-50",IF(AC67<=Assumptions!$F$9,"50-60",IF(AC67<=Assumptions!$F$10,"60+","")))))) -> 50-60 | AP67: =IFERROR(VLOOKUP(O67,Assumptions!$B$14:$C$26,2,FALSE()),"Other") -> Leadership | AQ67: =IF(T67="",0,1) -> 1 | AR67: =IF(U67="",0,1) -> 0 | AS67: =IF(AK67="","",IF(MAX($AK$2:$AK$921)=MIN($AK$2:$AK$921),50,ROUND((AK67-MIN($AK$2:$AK$921))/(MAX($AK$2:$AK$921)-MIN($AK$2:$AK$921))*100,2))) -> 91.43 | AT67: =IF(MAX($BC$2:$BC$921)=MIN($BC$2:$BC$921),50,ROUND((BC67-MIN($BC$2:$BC$921))/(MAX($BC$2:$BC$921)-MIN($BC$2:$BC$921))*100,2)) -> 50 | AU67: =IF(MAX($BE$2:$BE$921)=MIN($BE$2:$BE$921),50,ROUND((BE67-MIN($BE$2:$BE$921))/(MAX($BE$2:$BE$921)-MIN($BE$2:$BE$921))*100,2)) -> 74.19 | AV67: =IF(MAX($AD$2:$AD$921)=MIN($AD$2:$AD$921),50,ROUND((AD67-MIN($AD$2:$AD$921))/(MAX($AD$2:$AD$921)-MIN($AD$2:$AD$921))*100,2)) -> 71.19 | AW67: =IF(MAX($AN$2:$AN$921)=MIN($AN$2:$AN$921),50,ROUND((AN67-MIN($AN$2:$AN$921))/(MAX($AN$2:$AN$921)-MIN($AN$2:$AN$921))*100,2)) -> 96.25 | AX67: =AQ67*100 -> 100 | AY67: =AR67*100 -> 0 | AZ67: =IFERROR(ROUND(AS67*Assumptions!$I$6+AW67*Assumptions!$I$7+AT67*Assumptions!$I$8+AU67*Assumptions!$I$9+AV67*Assumptions!$I$10+AX67*Assumptions!$I$11+AY67*Assumptions!$I$12,2),"") -> 77.43 | BA67: =IF(AZ67="","",IF(AZ67<=Assumptions!$I$18,"Below Expectation",IF(AZ67<=Assumptions!$I$19,"Developing",IF(AZ67<=Assumptions!$I$20,"Meets Expectation",IF(AZ67<=Assumptions!$I$21,"Exceeds","Star Performer"))))) -> Exceeds | BB67: =IF(AZ67="",0,IF(AZ67>=Assumptions!$I$26,1,0)) -> 1 | BC67: =IF(AL67="",2,AL67+2) -> 2 | BD67: =IF(AM67="",ROUND(AVERAGE($AM$2:$AM$921),3),AM67) -> 0.447 | BE67: =1-BD67 -> 0.553
A68: 66 | B68: 10020159 | C68: IT Infrastructure | D68: Mr. Sandeep S. Kulkarni | E68: Enterprise IDC & Cloud | F68: Chief - IT Infrastructure | G68: 24281819 | H68: Chief IT Infrastructure | I68: Bharat Bhushan | J68: Ms. Sudeshna Das | K68: Marrd. | L68: 37851 | M68: 51.7 | N68: 27322 | O68: Vice President | P68: Vice - President | Q68: 22.9 | R68: 7.2 | S68: 29.11 | T68: 42917 | U68: 44652 | V68: A* | W68: A* | X68: A* | Y68: A* | Z68: A+ | AA68: BE-Electronics & Comm. Engg-1996 | AB68: =IFERROR(VALUE(R68),0) -> 7.2 | AC68: =IFERROR(VALUE(M68),"") -> 51.7 | AD68: =IFERROR(VALUE(Q68),"") -> 22.9 | AE68: =IFERROR(VALUE(S68),"") -> 29.11 | AF68: =IF(V68="","",VLOOKUP(V68,Assumptions!$B$6:$C$9,2,FALSE())) -> 4 | AG68: =IF(W68="","",VLOOKUP(W68,Assumptions!$B$6:$C$9,2,FALSE())) -> 4 | AH68: =IF(X68="","",VLOOKUP(X68,Assumptions!$B$6:$C$9,2,FALSE())) -> 4 | AI68: =IF(Y68="","",VLOOKUP(Y68,Assumptions!$B$6:$C$9,2,FALSE())) -> 4 | AJ68: =IF(Z68="","",VLOOKUP(Z68,Assumptions!$B$6:$C$9,2,FALSE())) -> 3 | AK68: =IFERROR(ROUND(AVERAGE(AF68:AJ68),3),"") -> 3.8 | AL68: =IF(OR(AF68="",AJ68=""),"",AJ68-AF68) -> -1 | AM68: =IF(COUNT(AF68:AJ68)>=2,ROUND(_xlfn.STDEV.S(AF68:AJ68),3),"") -> 0.447 | AN68: =ROUND((IF(AF68="",0,AF68)*Assumptions!$F$15)+(IF(AG68="",0,AG68)*Assumptions!$F$16)+(IF(AH68="",0,AH68)*Assumptions!$F$17)+(IF(AI68="",0,AI68)*Assumptions!$F$18)+(IF(AJ68="",0,AJ68)*Assumptions!$F$19),3) -> 3.7 | AO68: =IF(AC68<=20,"",IF(AC68<=Assumptions!$F$6,"20-30",IF(AC68<=Assumptions!$F$7,"30-40",IF(AC68<=Assumptions!$F$8,"40-50",IF(AC68<=Assumptions!$F$9,"50-60",IF(AC68<=Assumptions!$F$10,"60+","")))))) -> 50-60 | AP68: =IFERROR(VLOOKUP(O68,Assumptions!$B$14:$C$26,2,FALSE()),"Other") -> Leadership | AQ68: =IF(T68="",0,1) -> 1 | AR68: =IF(U68="",0,1) -> 1 | AS68: =IF(AK68="","",IF(MAX($AK$2:$AK$921)=MIN($AK$2:$AK$921),50,ROUND((AK68-MIN($AK$2:$AK$921))/(MAX($AK$2:$AK$921)-MIN($AK$2:$AK$921))*100,2))) -> 91.43 | AT68: =IF(MAX($BC$2:$BC$921)=MIN($BC$2:$BC$921),50,ROUND((BC68-MIN($BC$2:$BC$921))/(MAX($BC$2:$BC$921)-MIN($BC$2:$BC$921))*100,2)) -> 25 | AU68: =IF(MAX($BE$2:$BE$921)=MIN($BE$2:$BE$921),50,ROUND((BE68-MIN($BE$2:$BE$921))/(MAX($BE$2:$BE$921)-MIN($BE$2:$BE$921))*100,2)) -> 74.19 | AV68: =IF(MAX($AD$2:$AD$921)=MIN($AD$2:$AD$921),50,ROUND((AD68-MIN($AD$2:$AD$921))/(MAX($AD$2:$AD$921)-MIN($AD$2:$AD$921))*100,2)) -> 61.95 | AW68: =IF(MAX($AN$2:$AN$921)=MIN($AN$2:$AN$921),50,ROUND((AN68-MIN($AN$2:$AN$921))/(MAX($AN$2:$AN$921)-MIN($AN$2:$AN$921))*100,2)) -> 92.5 | AX68: =AQ68*100 -> 100 | AY68: =AR68*100 -> 100 | AZ68: =IFERROR(ROUND(AS68*Assumptions!$I$6+AW68*Assumptions!$I$7+AT68*Assumptions!$I$8+AU68*Assumptions!$I$9+AV68*Assumptions!$I$10+AX68*Assumptions!$I$11+AY68*Assumptions!$I$12,2),"") -> 77 | BA68: =IF(AZ68="","",IF(AZ68<=Assumptions!$I$18,"Below Expectation",IF(AZ68<=Assumptions!$I$19,"Developing",IF(AZ68<=Assumptions!$I$20,"Meets Expectation",IF(AZ68<=Assumptions!$I$21,"Exceeds","Star Performer"))))) -> Exceeds | BB68: =IF(AZ68="",0,IF(AZ68>=Assumptions!$I$26,1,0)) -> 1 | BC68: =IF(AL68="",2,AL68+2) -> 1 | BD68: =IF(AM68="",ROUND(AVERAGE($AM$2:$AM$921),3),AM68) -> 0.447 | BE68: =1-BD68 -> 0.553
A69: 519 | B69: 55046041 | C69: IRM & Cyber Security | D69: Ms. Pooja Ruparel | E69: IRM Vulnerability Management | F69: Sr. Engineer -Information Security | G69: 24281824 | H69: Senior Engineer Information Security | I69: Bharat Bhushan | J69: Ms. Sudeshna Das | K69: Marrd. | L69: 44573 | M69: 37.7 | N69: 32453 | O69: DGM | P69: Dy. General Manager | Q69: 4.4 | R69: 9.10 | S69: 14.2 | U69: 45627 | W69: A* | X69: A* | Y69: A* | Z69: A* | AA69: BE-Information Technology-2011(FT),HSC/Intermediate/Pre-University-Science-2007(FT),SSC/XTH STD/SSLC-Others-2005(FT) | AB69: =IFERROR(VALUE(R69),0) -> 9.1 | AC69: =IFERROR(VALUE(M69),"") -> 37.7 | AD69: =IFERROR(VALUE(Q69),"") -> 4.4 | AE69: =IFERROR(VALUE(S69),"") -> 14.2 | AF69: =IF(V69="","",VLOOKUP(V69,Assumptions!$B$6:$C$9,2,FALSE())) | AG69: =IF(W69="","",VLOOKUP(W69,Assumptions!$B$6:$C$9,2,FALSE())) -> 4 | AH69: =IF(X69="","",VLOOKUP(X69,Assumptions!$B$6:$C$9,2,FALSE())) -> 4 | AI69: =IF(Y69="","",VLOOKUP(Y69,Assumptions!$B$6:$C$9,2,FALSE())) -> 4 | AJ69: =IF(Z69="","",VLOOKUP(Z69,Assumptions!$B$6:$C$9,2,FALSE())) -> 4 | AK69: =IFERROR(ROUND(AVERAGE(AF69:AJ69),3),"") -> 4 | AL69: =IF(OR(AF69="",AJ69=""),"",AJ69-AF69) | AM69: =IF(COUNT(AF69:AJ69)>=2,ROUND(_xlfn.STDEV.S(AF69:AJ69),3),"") -> 0 | AN69: =ROUND((IF(AF69="",0,AF69)*Assumptions!$F$15)+(IF(AG69="",0,AG69)*Assumptions!$F$16)+(IF(AH69="",0,AH69)*Assumptions!$F$17)+(IF(AI69="",0,AI69)*Assumptions!$F$18)+(IF(AJ69="",0,AJ69)*Assumptions!$F$19),3) -> 3.6 | AO69: =IF(AC69<=20,"",IF(AC69<=Assumptions!$F$6,"20-30",IF(AC69<=Assumptions!$F$7,"30-40",IF(AC69<=Assumptions!$F$8,"40-50",IF(AC69<=Assumptions!$F$9,"50-60",IF(AC69<=Assumptions!$F$10,"60+","")))))) -> 30-40 | AP69: =IFERROR(VLOOKUP(O69,Assumptions!$B$14:$C$26,2,FALSE()),"Other") -> Manager | AQ69: =IF(T69="",0,1) -> 0 | AR69: =IF(U69="",0,1) -> 1 | AS69: =IF(AK69="","",IF(MAX($AK$2:$AK$921)=MIN($AK$2:$AK$921),50,ROUND((AK69-MIN($AK$2:$AK$921))/(MAX($AK$2:$AK$921)-MIN($AK$2:$AK$921))*100,2))) -> 100 | AT69: =IF(MAX($BC$2:$BC$921)=MIN($BC$2:$BC$921),50,ROUND((BC69-MIN($BC$2:$BC$921))/(MAX($BC$2:$BC$921)-MIN($BC$2:$BC$921))*100,2)) -> 50 | AU69: =IF(MAX($BE$2:$BE$921)=MIN($BE$2:$BE$921),50,ROUND((BE69-MIN($BE$2:$BE$921))/(MAX($BE$2:$BE$921)-MIN($BE$2:$BE$921))*100,2)) -> 100 | AV69: =IF(MAX($AD$2:$AD$921)=MIN($AD$2:$AD$921),50,ROUND((AD69-MIN($AD$2:$AD$921))/(MAX($AD$2:$AD$921)-MIN($AD$2:$AD$921))*100,2)) -> 11.66 | AW69: =IF(MAX($AN$2:$AN$921)=MIN($AN$2:$AN$921),50,ROUND((AN69-MIN($AN$2:$AN$921))/(MAX($AN$2:$AN$921)-MIN($AN$2:$AN$921))*100,2)) -> 90 | AX69: =AQ69*100 -> 0 | AY69: =AR69*100 -> 100 | AZ69: =IFERROR(ROUND(AS69*Assumptions!$I$6+AW69*Assumptions!$I$7+AT69*Assumptions!$I$8+AU69*Assumptions!$I$9+AV69*Assumptions!$I$10+AX69*Assumptions!$I$11+AY69*Assumptions!$I$12,2),"") -> 76.67 | BA69: =IF(AZ69="","",IF(AZ69<=Assumptions!$I$18,"Below Expectation",IF(AZ69<=Assumptions!$I$19,"Developing",IF(AZ69<=Assumptions!$I$20,"Meets Expectation",IF(AZ69<=Assumptions!$I$21,"Exceeds","Star Performer"))))) -> Exceeds | BB69: =IF(AZ69="",0,IF(AZ69>=Assumptions!$I$26,1,0)) -> 1 | BC69: =IF(AL69="",2,AL69+2) -> 2 | BD69: =IF(AM69="",ROUND(AVERAGE($AM$2:$AM$921),3),AM69) -> 0 | BE69: =1-BD69 -> 1
A70: 374 | B70: 37200073 | C70: Enterprise Application Management | D70: Mr. Sayan Singha Deb | E70: E&M IT Petchem | F70: Team Lead -Data Engineering | G70: 24281750 | H70: Team Lead Data Engineering | I70: Bharat Bhushan | J70: Mr. Hemant Jain | K70: Marrd. | L70: 39328 | M70: 46.8 | N70: 29119 | O70: Asst. Vice President | P70: Asst. Vice - President | Q70: 18.9 | R70: 4.2 | S70: 22.11 | T70: 43221 | U70: 46113 | V70: A+ | W70: A+ | X70: A+ | Y70: A* | Z70: A* | AA70: PGDIT-Information Technology-2011,BSc-Computer Science Engg.-2001(FT) | AB70: =IFERROR(VALUE(R70),0) -> 4.2 | AC70: =IFERROR(VALUE(M70),"") -> 46.8 | AD70: =IFERROR(VALUE(Q70),"") -> 18.9 | AE70: =IFERROR(VALUE(S70),"") -> 22.11 | AF70: =IF(V70="","",VLOOKUP(V70,Assumptions!$B$6:$C$9,2,FALSE())) -> 3 | AG70: =IF(W70="","",VLOOKUP(W70,Assumptions!$B$6:$C$9,2,FALSE())) -> 3 | AH70: =IF(X70="","",VLOOKUP(X70,Assumptions!$B$6:$C$9,2,FALSE())) -> 3 | AI70: =IF(Y70="","",VLOOKUP(Y70,Assumptions!$B$6:$C$9,2,FALSE())) -> 4 | AJ70: =IF(Z70="","",VLOOKUP(Z70,Assumptions!$B$6:$C$9,2,FALSE())) -> 4 | AK70: =IFERROR(ROUND(AVERAGE(AF70:AJ70),3),"") -> 3.4 | AL70: =IF(OR(AF70="",AJ70=""),"",AJ70-AF70) -> 1 | AM70: =IF(COUNT(AF70:AJ70)>=2,ROUND(_xlfn.STDEV.S(AF70:AJ70),3),"") -> 0.548 | AN70: =ROUND((IF(AF70="",0,AF70)*Assumptions!$F$15)+(IF(AG70="",0,AG70)*Assumptions!$F$16)+(IF(AH70="",0,AH70)*Assumptions!$F$17)+(IF(AI70="",0,AI70)*Assumptions!$F$18)+(IF(AJ70="",0,AJ70)*Assumptions!$F$19),3) -> 3.55 | AO70: =IF(AC70<=20,"",IF(AC70<=Assumptions!$F$6,"20-30",IF(AC70<=Assumptions!$F$7,"30-40",IF(AC70<=Assumptions!$F$8,"40-50",IF(AC70<=Assumptions!$F$9,"50-60",IF(AC70<=Assumptions!$F$10,"60+","")))))) -> 40-50 | AP70: =IFERROR(VLOOKUP(O70,Assumptions!$B$14:$C$26,2,FALSE()),"Other") -> Leadership | AQ70: =IF(T70="",0,1) -> 1 | AR70: =IF(U70="",0,1) -> 1 | AS70: =IF(AK70="","",IF(MAX($AK$2:$AK$921)=MIN($AK$2:$AK$921),50,ROUND((AK70-MIN($AK$2:$AK$921))/(MAX($AK$2:$AK$921)-MIN($AK$2:$AK$921))*100,2))) -> 74.28 | AT70: =IF(MAX($BC$2:$BC$921)=MIN($BC$2:$BC$921),50,ROUND((BC70-MIN($BC$2:$BC$921))/(MAX($BC$2:$BC$921)-MIN($BC$2:$BC$921))*100,2)) -> 75 | AU70: =IF(MAX($BE$2:$BE$921)=MIN($BE$2:$BE$921),50,ROUND((BE70-MIN($BE$2:$BE$921))/(MAX($BE$2:$BE$921)-MIN($BE$2:$BE$921))*100,2)) -> 68.36 | AV70: =IF(MAX($AD$2:$AD$921)=MIN($AD$2:$AD$921),50,ROUND((AD70-MIN($AD$2:$AD$921))/(MAX($AD$2:$AD$921)-MIN($AD$2:$AD$921))*100,2)) -> 51.07 | AW70: =IF(MAX($AN$2:$AN$921)=MIN($AN$2:$AN$921),50,ROUND((AN70-MIN($AN$2:$AN$921))/(MAX($AN$2:$AN$921)-MIN($AN$2:$AN$921))*100,2)) -> 88.75 | AX70: =AQ70*100 -> 100 | AY70: =AR70*100 -> 100 | AZ70: =IFERROR(ROUND(AS70*Assumptions!$I$6+AW70*Assumptions!$I$7+AT70*Assumptions!$I$8+AU70*Assumptions!$I$9+AV70*Assumptions!$I$10+AX70*Assumptions!$I$11+AY70*Assumptions!$I$12,2),"") -> 76.65 | BA70: =IF(AZ70="","",IF(AZ70<=Assumptions!$I$18,"Below Expectation",IF(AZ70<=Assumptions!$I$19,"Developing",IF(AZ70<=Assumptions!$I$20,"Meets Expectation",IF(AZ70<=Assumptions!$I$21,"Exceeds","Star Performer"))))) -> Exceeds | BB70: =IF(AZ70="",0,IF(AZ70>=Assumptions!$I$26,1,0)) -> 1 | BC70: =IF(AL70="",2,AL70+2) -> 3 | BD70: =IF(AM70="",ROUND(AVERAGE($AM$2:$AM$921),3),AM70) -> 0.548 | BE70: =1-BD70 -> 0.452
A71: 1 | B71: 3629 | C71: Enterprise Security Platform | D71: Mr. P N S Vijayakumar | E71: E&M IT ESP Project Delivery | F71: Chief Software Development | G71: 24281770 | H71: Chief Software Development | I71: Bharat Bhushan | J71: Ms. Sudeshna Das | K71: Marrd. | L71: 37443 | M71: 53.10 | N71: 26517 | O71: Vice President | P71: Vice - President | Q71: 23.11 | R71: 9 | S71: 32.11 | T71: 42186 | V71: A* | W71: A+ | X71: A* | Y71: A* | Z71: A* | AA71: BE-Electronics & Comm. Engg-1993(FT),SSC/XTH STD/SSLC-Mathematics-1987(FT) | AB71: =IFERROR(VALUE(R71),0) -> 9 | AC71: =IFERROR(VALUE(M71),"") -> 53.1 | AD71: =IFERROR(VALUE(Q71),"") -> 23.11 | AE71: =IFERROR(VALUE(S71),"") -> 32.11 | AF71: =IF(V71="","",VLOOKUP(V71,Assumptions!$B$6:$C$9,2,FALSE())) -> 4 | AG71: =IF(W71="","",VLOOKUP(W71,Assumptions!$B$6:$C$9,2,FALSE())) -> 3 | AH71: =IF(X71="","",VLOOKUP(X71,Assumptions!$B$6:$C$9,2,FALSE())) -> 4 | AI71: =IF(Y71="","",VLOOKUP(Y71,Assumptions!$B$6:$C$9,2,FALSE())) -> 4 | AJ71: =IF(Z71="","",VLOOKUP(Z71,Assumptions!$B$6:$C$9,2,FALSE())) -> 4 | AK71: =IFERROR(ROUND(AVERAGE(AF71:AJ71),3),"") -> 3.8 | AL71: =IF(OR(AF71="",AJ71=""),"",AJ71-AF71) -> 0 | AM71: =IF(COUNT(AF71:AJ71)>=2,ROUND(_xlfn.STDEV.S(AF71:AJ71),3),"") -> 0.447 | AN71: =ROUND((IF(AF71="",0,AF71)*Assumptions!$F$15)+(IF(AG71="",0,AG71)*Assumptions!$F$16)+(IF(AH71="",0,AH71)*Assumptions!$F$17)+(IF(AI71="",0,AI71)*Assumptions!$F$18)+(IF(AJ71="",0,AJ71)*Assumptions!$F$19),3) -> 3.85 | AO71: =IF(AC71<=20,"",IF(AC71<=Assumptions!$F$6,"20-30",IF(AC71<=Assumptions!$F$7,"30-40",IF(AC71<=Assumptions!$F$8,"40-50",IF(AC71<=Assumptions!$F$9,"50-60",IF(AC71<=Assumptions!$F$10,"60+","")))))) -> 50-60 | AP71: =IFERROR(VLOOKUP(O71,Assumptions!$B$14:$C$26,2,FALSE()),"Other") -> Leadership | AQ71: =IF(T71="",0,1) -> 1 | AR71: =IF(U71="",0,1) -> 0 | AS71: =IF(AK71="","",IF(MAX($AK$2:$AK$921)=MIN($AK$2:$AK$921),50,ROUND((AK71-MIN($AK$2:$AK$921))/(MAX($AK$2:$AK$921)-MIN($AK$2:$AK$921))*100,2))) -> 91.43 | AT71: =IF(MAX($BC$2:$BC$921)=MIN($BC$2:$BC$921),50,ROUND((BC71-MIN($BC$2:$BC$921))/(MAX($BC$2:$BC$921)-MIN($BC$2:$BC$921))*100,2)) -> 50 | AU71: =IF(MAX($BE$2:$BE$921)=MIN($BE$2:$BE$921),50,ROUND((BE71-MIN($BE$2:$BE$921))/(MAX($BE$2:$BE$921)-MIN($BE$2:$BE$921))*100,2)) -> 74.19 | AV71: =IF(MAX($AD$2:$AD$921)=MIN($AD$2:$AD$921),50,ROUND((AD71-MIN($AD$2:$AD$921))/(MAX($AD$2:$AD$921)-MIN($AD$2:$AD$921))*100,2)) -> 62.52 | AW71: =IF(MAX($AN$2:$AN$921)=MIN($AN$2:$AN$921),50,ROUND((AN71-MIN($AN$2:$AN$921))/(MAX($AN$2:$AN$921)-MIN($AN$2:$AN$921))*100,2)) -> 96.25 | AX71: =AQ71*100 -> 100 | AY71: =AR71*100 -> 0 | AZ71: =IFERROR(ROUND(AS71*Assumptions!$I$6+AW71*Assumptions!$I$7+AT71*Assumptions!$I$8+AU71*Assumptions!$I$9+AV71*Assumptions!$I$10+AX71*Assumptions!$I$11+AY71*Assumptions!$I$12,2),"") -> 76.56 | BA71: =IF(AZ71="","",IF(AZ71<=Assumptions!$I$18,"Below Expectation",IF(AZ71<=Assumptions!$I$19,"Developing",IF(AZ71<=Assumptions!$I$20,"Meets Expectation",IF(AZ71<=Assumptions!$I$21,"Exceeds","Star Performer"))))) -> Exceeds | BB71: =IF(AZ71="",0,IF(AZ71>=Assumptions!$I$26,1,0)) -> 1 | BC71: =IF(AL71="",2,AL71+2) -> 2 | BD71: =IF(AM71="",ROUND(AVERAGE($AM$2:$AM$921),3),AM71) -> 0.447 | BE71: =1-BD71 -> 0.553
A72: 459 | B72: 55028978 | C72: JioCX | D72: Mr. Anish Pillai | E72: JioCX Support Services | F72: Product Manager JioCX | G72: 24281853 | H72: Junior Product Manager | I72: Bharat Bhushan | J72: Ms. Arya Khamparia | K72: Marrd. | L72: 43238 | M72: 33.11 | N72: 33772 | O72: Manager | P72: Manager | Q72: 8 | R72: 1.3 | S72: 9.3 | U72: 45992 | V72: A+ | W72: A* | X72: A* | Y72: A* | Z72: A* | AA72: MTech-Telecommunication-2018(FT),BE-Electronics & Comm. Engg-2014(FT),Diploma-Electronics & Comm. Engg-2011(FT) | AB72: =IFERROR(VALUE(R72),0) -> 1.3 | AC72: =IFERROR(VALUE(M72),"") -> 33.11 | AD72: =IFERROR(VALUE(Q72),"") -> 8 | AE72: =IFERROR(VALUE(S72),"") -> 9.3 | AF72: =IF(V72="","",VLOOKUP(V72,Assumptions!$B$6:$C$9,2,FALSE())) -> 3 | AG72: =IF(W72="","",VLOOKUP(W72,Assumptions!$B$6:$C$9,2,FALSE())) -> 4 | AH72: =IF(X72="","",VLOOKUP(X72,Assumptions!$B$6:$C$9,2,FALSE())) -> 4 | AI72: =IF(Y72="","",VLOOKUP(Y72,Assumptions!$B$6:$C$9,2,FALSE())) -> 4 | AJ72: =IF(Z72="","",VLOOKUP(Z72,Assumptions!$B$6:$C$9,2,FALSE())) -> 4 | AK72: =IFERROR(ROUND(AVERAGE(AF72:AJ72),3),"") -> 3.8 | AL72: =IF(OR(AF72="",AJ72=""),"",AJ72-AF72) -> 1 | AM72: =IF(COUNT(AF72:AJ72)>=2,ROUND(_xlfn.STDEV.S(AF72:AJ72),3),"") -> 0.447 | AN72: =ROUND((IF(AF72="",0,AF72)*Assumptions!$F$15)+(IF(AG72="",0,AG72)*Assumptions!$F$16)+(IF(AH72="",0,AH72)*Assumptions!$F$17)+(IF(AI72="",0,AI72)*Assumptions!$F$18)+(IF(AJ72="",0,AJ72)*Assumptions!$F$19),3) -> 3.9 | AO72: =IF(AC72<=20,"",IF(AC72<=Assumptions!$F$6,"20-30",IF(AC72<=Assumptions!$F$7,"30-40",IF(AC72<=Assumptions!$F$8,"40-50",IF(AC72<=Assumptions!$F$9,"50-60",IF(AC72<=Assumptions!$F$10,"60+","")))))) -> 30-40 | AP72: =IFERROR(VLOOKUP(O72,Assumptions!$B$14:$C$26,2,FALSE()),"Other") -> Manager | AQ72: =IF(T72="",0,1) -> 0 | AR72: =IF(U72="",0,1) -> 1 | AS72: =IF(AK72="","",IF(MAX($AK$2:$AK$921)=MIN($AK$2:$AK$921),50,ROUND((AK72-MIN($AK$2:$AK$921))/(MAX($AK$2:$AK$921)-MIN($AK$2:$AK$921))*100,2))) -> 91.43 | AT72: =IF(MAX($BC$2:$BC$921)=MIN($BC$2:$BC$921),50,ROUND((BC72-MIN($BC$2:$BC$921))/(MAX($BC$2:$BC$921)-MIN($BC$2:$BC$921))*100,2)) -> 75 | AU72: =IF(MAX($BE$2:$BE$921)=MIN($BE$2:$BE$921),50,ROUND((BE72-MIN($BE$2:$BE$921))/(MAX($BE$2:$BE$921)-MIN($BE$2:$BE$921))*100,2)) -> 74.19 | AV72: =IF(MAX($AD$2:$AD$921)=MIN($AD$2:$AD$921),50,ROUND((AD72-MIN($AD$2:$AD$921))/(MAX($AD$2:$AD$921)-MIN($AD$2:$AD$921))*100,2)) -> 21.45 | AW72: =IF(MAX($AN$2:$AN$921)=MIN($AN$2:$AN$921),50,ROUND((AN72-MIN($AN$2:$AN$921))/(MAX($AN$2:$AN$921)-MIN($AN$2:$AN$921))*100,2)) -> 97.5 | AX72: =AQ72*100 -> 0 | AY72: =AR72*100 -> 100 | AZ72: =IFERROR(ROUND(AS72*Assumptions!$I$6+AW72*Assumptions!$I$7+AT72*Assumptions!$I$8+AU72*Assumptions!$I$9+AV72*Assumptions!$I$10+AX72*Assumptions!$I$11+AY72*Assumptions!$I$12,2),"") -> 76.45 | BA72: =IF(AZ72="","",IF(AZ72<=Assumptions!$I$18,"Below Expectation",IF(AZ72<=Assumptions!$I$19,"Developing",IF(AZ72<=Assumptions!$I$20,"Meets Expectation",IF(AZ72<=Assumptions!$I$21,"Exceeds","Star Performer"))))) -> Exceeds | BB72: =IF(AZ72="",0,IF(AZ72>=Assumptions!$I$26,1,0)) -> 1 | BC72: =IF(AL72="",2,AL72+2) -> 3 | BD72: =IF(AM72="",ROUND(AVERAGE($AM$2:$AM$921),3),AM72) -> 0.447 | BE72: =1-BD72 -> 0.553
A73: 365 | B73: 37101992 | C73: Enterprise Application Management | D73: Mr. Ashish Dabhade | E73: E&M IT Material & Service Commitment | F73: Lead Architect | G73: 24281722 | H73: Lead Architect | I73: Bharat Bhushan | J73: Mr. Hemant Jain | K73: Marrd. | L73: 39336 | M73: 47.1 | N73: 28978 | O73: General Manager | P73: General Manager | Q73: 18.8 | R73: 7.1 | S73: 25.9 | T73: 41000 | U73: 46113 | V73: A+ | W73: A+ | X73: A* | Y73: A+ | Z73: A* | AA73: BE-Mechanical-2000 | AB73: =IFERROR(VALUE(R73),0) -> 7.1 | AC73: =IFERROR(VALUE(M73),"") -> 47.1 | AD73: =IFERROR(VALUE(Q73),"") -> 18.8 | AE73: =IFERROR(VALUE(S73),"") -> 25.9 | AF73: =IF(V73="","",VLOOKUP(V73,Assumptions!$B$6:$C$9,2,FALSE())) -> 3 | AG73: =IF(W73="","",VLOOKUP(W73,Assumptions!$B$6:$C$9,2,FALSE())) -> 3 | AH73: =IF(X73="","",VLOOKUP(X73,Assumptions!$B$6:$C$9,2,FALSE())) -> 4 | AI73: =IF(Y73="","",VLOOKUP(Y73,Assumptions!$B$6:$C$9,2,FALSE())) -> 3 | AJ73: =IF(Z73="","",VLOOKUP(Z73,Assumptions!$B$6:$C$9,2,FALSE())) -> 4 | AK73: =IFERROR(ROUND(AVERAGE(AF73:AJ73),3),"") -> 3.4 | AL73: =IF(OR(AF73="",AJ73=""),"",AJ73-AF73) -> 1 | AM73: =IF(COUNT(AF73:AJ73)>=2,ROUND(_xlfn.STDEV.S(AF73:AJ73),3),"") -> 0.548 | AN73: =ROUND((IF(AF73="",0,AF73)*Assumptions!$F$15)+(IF(AG73="",0,AG73)*Assumptions!$F$16)+(IF(AH73="",0,AH73)*Assumptions!$F$17)+(IF(AI73="",0,AI73)*Assumptions!$F$18)+(IF(AJ73="",0,AJ73)*Assumptions!$F$19),3) -> 3.5 | AO73: =IF(AC73<=20,"",IF(AC73<=Assumptions!$F$6,"20-30",IF(AC73<=Assumptions!$F$7,"30-40",IF(AC73<=Assumptions!$F$8,"40-50",IF(AC73<=Assumptions!$F$9,"50-60",IF(AC73<=Assumptions!$F$10,"60+","")))))) -> 40-50 | AP73: =IFERROR(VLOOKUP(O73,Assumptions!$B$14:$C$26,2,FALSE()),"Other") -> Manager | AQ73: =IF(T73="",0,1) -> 1 | AR73: =IF(U73="",0,1) -> 1 | AS73: =IF(AK73="","",IF(MAX($AK$2:$AK$921)=MIN($AK$2:$AK$921),50,ROUND((AK73-MIN($AK$2:$AK$921))/(MAX($AK$2:$AK$921)-MIN($AK$2:$AK$921))*100,2))) -> 74.28 | AT73: =IF(MAX($BC$2:$BC$921)=MIN($BC$2:$BC$921),50,ROUND((BC73-MIN($BC$2:$BC$921))/(MAX($BC$2:$BC$921)-MIN($BC$2:$BC$921))*100,2)) -> 75 | AU73: =IF(MAX($BE$2:$BE$921)=MIN($BE$2:$BE$921),50,ROUND((BE73-MIN($BE$2:$BE$921))/(MAX($BE$2:$BE$921)-MIN($BE$2:$BE$921))*100,2)) -> 68.36 | AV73: =IF(MAX($AD$2:$AD$921)=MIN($AD$2:$AD$921),50,ROUND((AD73-MIN($AD$2:$AD$921))/(MAX($AD$2:$AD$921)-MIN($AD$2:$AD$921))*100,2)) -> 50.8 | AW73: =IF(MAX($AN$2:$AN$921)=MIN($AN$2:$AN$921),50,ROUND((AN73-MIN($AN$2:$AN$921))/(MAX($AN$2:$AN$921)-MIN($AN$2:$AN$921))*100,2)) -> 87.5 | AX73: =AQ73*100 -> 100 | AY73: =AR73*100 -> 100 | AZ73: =IFERROR(ROUND(AS73*Assumptions!$I$6+AW73*Assumptions!$I$7+AT73*Assumptions!$I$8+AU73*Assumptions!$I$9+AV73*Assumptions!$I$10+AX73*Assumptions!$I$11+AY73*Assumptions!$I$12,2),"") -> 76.37 | BA73: =IF(AZ73="","",IF(AZ73<=Assumptions!$I$18,"Below Expectation",IF(AZ73<=Assumptions!$I$19,"Developing",IF(AZ73<=Assumptions!$I$20,"Meets Expectation",IF(AZ73<=Assumptions!$I$21,"Exceeds","Star Performer"))))) -> Exceeds | BB73: =IF(AZ73="",0,IF(AZ73>=Assumptions!$I$26,1,0)) -> 1 | BC73: =IF(AL73="",2,AL73+2) -> 3 | BD73: =IF(AM73="",ROUND(AVERAGE($AM$2:$AM$921),3),AM73) -> 0.548 | BE73: =1-BD73 -> 0.452
